,submission_breakthrough_precision_dual.csv,submission_breakthrough_push_30_70.csv,submission_breakthrough_push_50_50.csv,submission_breakthrough_scale_pruned.csv,submission_champion_ready_for_quota.csv,submission_champion_top1.csv,submission_clean_consecutive_master.csv,submission_clean_sota_roadmap.csv,submission_cnn_xgboost_golden_tri.csv,submission_cnn_xgboost_master_70_30.csv,submission_cnn_xgboost_pure.csv,submission_cultural_affinity_golden_quad.csv,submission_cultural_affinity_master_70_30.csv,submission_cultural_affinity_pure.csv,submission_cultural_affinity_ultra_blend.csv,submission_day_calibrated_master.csv,submission_deep_sota_v11_60_40.csv,submission_deep_sota_v11_golden_tri.csv,submission_deep_sota_v11_pure.csv,submission_ensemble_top.csv,submission_gpu_master.csv,submission_grand_champion_blend.csv,submission_grandmaster_5050_blend.csv,submission_grandmaster_blend_sota.csv,submission_grandmaster_golden_quad.csv,submission_grandmaster_local.csv,submission_grandmaster_master_70_30.csv,submission_grandmaster_pure.csv,submission_grandmaster_sota_pure.csv,submission_grandmaster_unbiased.csv,submission_hurdle_calibrated.csv,submission_hurdle_top.csv,submission_improved_top.csv,submission_lgbm_baseline.csv,submission_managerial_hazard_master_70_30.csv,submission_managerial_hazard_master_80_20.csv,submission_managerial_hazard_pure.csv,submission_managerial_record_pb_60_40.csv,submission_managerial_record_pb_70_30.csv,submission_managerial_record_pb_80_20.csv,submission_managerial_record_pure.csv,submission_master_champion_70_30.csv,submission_master_champion_80_20.csv,submission_pb46432_golden_hybrid.csv,submission_pb46432_push_70_30.csv,submission_pb46432_push_80_20.csv,submission_plan_b_7horizon.csv,submission_podium_blend.csv,submission_podium_roadmap_blend.csv,submission_reproduced_0615.csv,submission_sota_night_candidate.csv,submission_star_power_champion_golden_quad.csv,submission_star_power_champion_master_70_30.csv,submission_star_power_champion_pure.csv,submission_star_power_golden_quad.csv,submission_star_power_master_70_30.csv,submission_star_power_pure.csv,submission_step1_golden_blend.csv,submission_step1_master_70_30.csv,submission_step1_pure_calib.csv,submission_step2_master_70_30.csv,submission_step2_pure_jedidi.csv,submission_step3_master_70_30.csv,submission_step3_pure_hazard.csv,submission_swa_resnet_golden_quad.csv,submission_swa_resnet_master_70_30.csv,submission_swa_resnet_pure.csv,submission_trio_bayes_master.csv,submission_triple_ensemble.csv,submission_tuned_cnn_xgboost_pb_60_40.csv,submission_tuned_cnn_xgboost_pb_70_30.csv,submission_tuned_cnn_xgboost_pb_80_20.csv,submission_tuned_cnn_xgboost_pure.csv,submission_ultimate_gacor.csv,submission_upgrade1_champion_golden_quad.csv,submission_upgrade1_champion_master_70_30.csv,submission_upgrade1_champion_pure.csv,submission_upgrade_precision_pruned.csv,submission_upgrade_sota60_anchor40.csv,submission_upgrade_tri_blend.csv,submission_upgrade_v10_golden_tri_blend.csv,submission_upgrade_v10_sota60_anchor40.csv,submission_upgrade_v10_sota65_anchor35.csv,submission_v10_scale_aware_pure.csv
submission_breakthrough_precision_dual.csv,1.0,0.9993649556076829,0.9998435855135197,0.9998431051698935,0.986769428287735,0.9953616381258119,0.9855832416588572,0.994513438920726,0.9953141793771061,0.9965595324259134,0.9950556586448885,0.9959537552063702,0.9973761943708703,0.9925279871389237,0.9993471362899842,0.9924267546749144,0.9934373749970868,0.9934309377384558,0.9959515676433194,0.9814241240532479,0.9885005098086923,0.9976831340550152,0.9940889615061008,0.9923637365369555,0.9935872619220244,0.9966037546276167,0.9942345826563086,0.9963563756921466,0.9382043224941513,0.9826191367193884,0.9768894150209507,0.9827809554489438,0.9844368948258894,0.9771579773758877,0.9993072363863291,0.9988647021836894,0.9953418910132295,0.9995708562557593,0.9992256261148964,0.998743579683931,0.99817585929107,0.9924106533763623,0.9922464780202861,0.9995034354765239,0.9994202539276034,0.9989173607467903,0.9894603208540136,0.9857959286468024,0.9863568479842417,0.9836275614519863,0.989187866016707,0.9959067991877232,0.997412581055259,0.9967093115636869,0.9958443317527069,0.9973356685370861,0.9969228914668787,0.996243847325712,0.9978088363375475,0.9935526268825434,0.9978088363375475,0.9935526268825434,0.9978088447809443,0.9935526010570765,0.9963791386948553,0.9979486760269375,0.9916680537480257,0.9907677321419526,0.9906638134604223,0.9991971679158466,0.9989151375741824,0.9985178527196712,0.9980054117820879,0.9797618101669382,0.9960598243610639,0.9975962106526168,0.9954936423523932,0.9945134914649598,0.9919048872792962,0.9927019100669635,0.9934158252597528,0.9934118181372977,0.9939852692155464,0.9958526369604134
submission_breakthrough_push_30_70.csv,0.9993649556076829,1.0,0.9995226628397242,0.9995222022779615,0.9817722105722013,0.994139541359169,0.9890021495600236,0.9910407460678989,0.9920853464273396,0.9938257483296533,0.9956712230013952,0.9929368880175958,0.9949741775593343,0.9947379888844645,0.9983901315527546,0.988355225733403,0.9896542863133108,0.9896387271789479,0.9932130201003009,0.9756290649419881,0.9853844922450511,0.9958231757756826,0.9936129570124087,0.9890086841247492,0.9898247995029662,0.9956989737965536,0.9906772360501083,0.9937190886288436,0.9453917131428454,0.9769854656684502,0.9703796469773451,0.9771496122888713,0.9790986948503644,0.9709198724398144,0.9980760203412226,0.9972056610894382,0.99712831628824,0.9985458028753744,0.9978226301278645,0.9969726661345396,0.9993133285229586,0.988325299390188,0.9881199614193507,0.9983828350719641,0.9981978936428431,0.9972639806089179,0.9918984368858964,0.9814943902259989,0.9811709773969718,0.9782505566560249,0.9848583842570264,0.9928429407736663,0.9949349414877188,0.9985474183199754,0.9927594653451416,0.9948261210721074,0.9986522102956266,0.9933034898992833,0.9955263853876685,0.9962922209718496,0.9955263853876685,0.9962922209718496,0.995526395672257,0.9962921992982261,0.9934937641285227,0.9957521529309854,0.9947570625187395,0.9927837234343097,0.9865451296094636,0.997927858296173,0.9973319066628478,0.9966287243488985,0.9984814513508004,0.9735891672346465,0.9930508140754305,0.9952049903600071,0.9977245099301123,0.9910408154662,0.9876965767923728,0.9887111671016009,0.9896441477233409,0.9896511882972101,0.9904002976777996,0.9931705754457483
submission_breakthrough_push_50_50.csv,0.9998435855135197,0.9995226628397242,1.0,0.9999992253910048,0.9867793342942086,0.9951742689841087,0.9853774635066889,0.9943008451162162,0.99546967451841,0.9967183582741109,0.9947820153707498,0.9961058360864945,0.9975297862549776,0.9923464731626722,0.9995039653020198,0.9925765900739126,0.9935906675311175,0.9935838570017188,0.995690566396085,0.9812809052128861,0.9886324622856055,0.9976821186951971,0.994258285018127,0.9925213880662331,0.9937384763873625,0.99641382772445,0.994386879354666,0.996088807019079,0.9380780088046659,0.9824818742312129,0.977036012243289,0.9829279631896983,0.9843161185540861,0.9770444014860405,0.9994616346582224,0.9990186347070449,0.9951571555479966,0.9997254400244856,0.9993798177077601,0.9988973667946465,0.9980080918958463,0.9925605153271362,0.9923959066714899,0.9996590207938968,0.9995753121755797,0.9990717233686934,0.989337591304521,0.9859264506795998,0.9865044513169591,0.9834776139047174,0.9890552764723313,0.9960584531659448,0.997565528191459,0.9965349673779025,0.9959958754960329,0.9974884501620821,0.9967502375908155,0.9963961497427015,0.9979627707445584,0.9933729723718425,0.9979627707445584,0.9933729723718425,0.9979627778187181,0.9933729410361556,0.9965318130365352,0.9981031745437663,0.991472131621358,0.9906146277585952,0.990506498818922,0.9993518129843659,0.9990693699011046,0.99867166371842,0.9978494555714793,0.9799086321515297,0.9962117382231643,0.997749552626313,0.995318057611669,0.9943008850392024,0.9920534519877897,0.9928523689323043,0.9935692532946796,0.9935656651674675,0.9941396882950216,0.9956044602635892
submission_breakthrough_scale_pruned.csv,0.9998431051698935,0.9995222022779615,0.9999992253910048,1.0,0.9867765470142937,0.995175078346116,0.9853798515954223,0.9942996817248289,0.9954678274177703,0.9967166250961184,0.9947820870269861,0.9961041021930235,0.9975282285770277,0.992346424270521,0.9995029020473102,0.992574582332915,0.9935888896805279,0.9935820707474912,0.9956902431220098,0.9812800217106276,0.9886294865689919,0.9976813203301805,0.9942583582397074,0.9925197006054618,0.9937367037946409,0.9964145739547269,0.9943852553442698,0.996088571241009,0.9380835259634541,0.9824809504590227,0.977033025529574,0.9829248806516659,0.9843151302739634,0.9770430322119713,0.9994604199060209,0.9990173284495616,0.9951568301180146,0.9997244308120814,0.9993786856571226,0.9988961152627146,0.9980080326402575,0.9925585102920761,0.9923938708939823,0.9996579874873324,0.999574242018401,0.9990705120971316,0.9893391474598237,0.9859230447247325,0.9865016779110702,0.983476867056605,0.9890528009057302,0.9960567701720427,0.9975640474238523,0.9965351526921017,0.9959942003267286,0.9974869814883887,0.996750471177856,0.9963945569321827,0.9979614305473825,0.9933737581205375,0.9979614305473825,0.9933737581205375,0.9979614389853912,0.9933737320996947,0.9965301948261053,0.9981017958230805,0.9914727897683524,0.9906161047863007,0.9905060834276402,0.9993506389464967,0.9990681160210144,0.9986703321411027,0.9978489604270236,0.9799056035009,0.9962100887459199,0.9977481241101458,0.9953184640449318,0.9942997367281684,0.992051355106285,0.9928503874601953,0.9935674886756963,0.9935639109590053,0.9941380584320427,0.9956041891086346
submission_champion_ready_for_quota.csv,0.986769428287735,0.9817722105722013,0.9867793342942086,0.9867765470142937,1.0,0.9841895675594221,0.9511690773848598,0.9916067760651494,0.9958720030202127,0.9946180723075719,0.9742338595602336,0.995953988261054,0.9945498026293771,0.9670953133850292,0.9896452105692682,0.9971271601195337,0.9969300161867385,0.9968915097405168,0.9893268460667602,0.9974313319708572,0.9901934493915566,0.9926919082839217,0.9845446067497685,0.9972495345512831,0.9964214327048553,0.9846050722247526,0.9958126477763369,0.9894658907139002,0.8894967127973658,0.9973311071139064,0.9954046076670615,0.9991744166021437,0.9976096614443959,0.9956080019389888,0.9907697368896173,0.9922948107280997,0.9713508166771024,0.990016007067249,0.9914261127483901,0.992654929964356,0.9769940276642155,0.997314756628797,0.9973535950538612,0.9902579121855106,0.9906389465689607,0.9921883146379372,0.9633650266574826,0.9947712332505354,0.9993246977887096,0.9977285082933082,0.9991083665334658,0.9959168604496025,0.9946160931073758,0.9717268062551514,0.9960064942332105,0.9947706898619514,0.9727700213581412,0.9956566165189,0.9940705899729407,0.9642515390096176,0.9940705899729407,0.9642515390096176,0.9940705798233807,0.9642514514853341,0.9955727166689049,0.9938678395293815,0.960906662811493,0.96627078372776,0.9974054958537443,0.990716652341126,0.991908697490441,0.9929495786077116,0.9797901888090624,0.9975217427688153,0.9958408803884257,0.9944383669443178,0.9688494005397951,0.9916066606049957,0.9974156434201084,0.9976954050264271,0.9968623273598932,0.9968891300005591,0.9962591793114869,0.9891845886935071
submission_champion_top1.csv,0.9953616381258119,0.994139541359169,0.9951742689841087,0.995175078346116,0.9841895675594221,1.0,0.9823777270972569,0.9924578388505648,0.9928609252446411,0.994104121552534,0.9941873220448696,0.9923129403711207,0.9930972866404327,0.9831982074999797,0.9941637391025498,0.9903161086720964,0.9910563917053389,0.9910478751077311,0.9945221064800492,0.9794331357626463,0.9830047298491325,0.9947452545053808,0.9870848604298381,0.9877432252433643,0.9911119446177117,0.9990341656427342,0.9917449855513394,0.9944186280017882,0.9260370976374013,0.9808747669249505,0.9743759550793943,0.9801061536993072,0.9830640425895195,0.9744923075371762,0.9949397935735858,0.9948290196036546,0.9886600519666476,0.9951587719275611,0.995076369085657,0.9948509261027703,0.9922360336546364,0.9899764136026951,0.9898050878022188,0.9952412955743686,0.9952795633637668,0.9950308907848179,0.9818495981679436,0.9813345365377973,0.9837493981745178,0.9816572666374498,0.9867111831547266,0.9928388609360539,0.9940149070455948,0.9907809988899169,0.9926875284539348,0.9938014602096025,0.9904552630364148,0.993143983649253,0.9943597386704331,0.9873595779016453,0.9943597386704331,0.9873595779016453,0.9943597628213355,0.9873596293509194,0.9930887468105778,0.9942061008561857,0.984338805002733,0.98474963938238,0.9910132770000342,0.994666980518473,0.9946781368836936,0.9945672446018151,0.9917659363166598,0.9772917687374649,0.9929500544768171,0.9941333445930254,0.9892842194916048,0.992458086599215,0.9894493147326594,0.9898290068584314,0.99033497887423,0.990269358606185,0.9908006059617708,0.9930694422346061
submission_clean_consecutive_master.csv,0.9855832416588572,0.9890021495600236,0.9853774635066889,0.9853798515954223,0.9511690773848598,0.9823777270972569,1.0,0.9695025701268283,0.9688888961236026,0.9725195929602871,0.9897178224970711,0.9693037474315068,0.9730230434790141,0.9867136716797282,0.9814035945750068,0.9622895949833512,0.9645574030431919,0.964504026467275,0.9753459549219514,0.9408927878138604,0.9589020237466693,0.980927898735931,0.9785722032443268,0.9637331045894186,0.9647224695474432,0.9833323521378671,0.9664224785555561,0.9757217913894422,0.9600647540454856,0.9420128796712708,0.9342402451228932,0.9438922984322003,0.9456602752461384,0.9352022485000613,0.9801249300685227,0.9781364055700732,0.9885366138263044,0.9818653252969815,0.9799633640027974,0.9779678464122559,0.9909030530241746,0.9619083843364157,0.9615231779304668,0.9816613056977104,0.9810963255203773,0.978752767176254,0.9942255635209607,0.9512757172501657,0.9498809877003749,0.9450001716872501,0.9570670592291932,0.969707386936637,0.9737351077181021,0.9931132768282314,0.96952262554942,0.9734717471472022,0.992653650706305,0.970929360229361,0.9755165098213018,0.9960946057691988,0.9755165098213018,0.9960946057691988,0.9755165370948439,0.9960946442122991,0.9710261746887783,0.9756041843289216,0.9941661249784806,0.9945759556011268,0.9604041623538122,0.979756153800574,0.9783707818468591,0.976900190656819,0.9859573846310614,0.9386084704674634,0.9701968201567849,0.9744454417548112,0.9942308547925487,0.9695028453623182,0.960742508666616,0.9623058064110978,0.9640339191461117,0.9640356512730595,0.9655066086659565,0.9743779094468972
submission_clean_sota_roadmap.csv,0.994513438920726,0.9910407460678989,0.9943008451162162,0.9942996817248289,0.9916067760651494,0.9924578388505648,0.9695025701268283,1.0,0.9984799894383006,0.9983734831191013,0.9869536708039446,0.9981412294504193,0.9976716043944837,0.9778783269388981,0.9953696246986053,0.9979675585105819,0.9978489984034632,0.9979475012291363,0.9988155273988653,0.9883610465703719,0.9904153939881759,0.9948329300880108,0.9863593547739675,0.9926953844403448,0.9985021905508457,0.9922424274048135,0.9987380545774072,0.9987188547501158,0.9089425867950396,0.9895357865146708,0.9875807474219243,0.9895610575931567,0.9906714026820272,0.9853858730674923,0.9962972564013067,0.9971456800619058,0.9823872319336924,0.9959840969126512,0.9967671362080284,0.9973844012902858,0.9873258167182765,0.9978812176916526,0.9978511637574639,0.9962600835431042,0.9965059910157333,0.9972618436001586,0.9736782645031089,0.9897521755507475,0.992854708702114,0.9891910968873575,0.9919978103520158,0.998387501984665,0.9981677406509644,0.984067442866009,0.9983485746145424,0.9981259027072602,0.9843721430731928,0.998349700790286,0.9979729306572891,0.978186034293716,0.9979729306572891,0.978186034293716,0.9979729288619197,0.9781859737867952,0.9982765438138994,0.9977886035461714,0.974963276341664,0.9765227050600355,0.9936813830469327,0.9963639365326896,0.9970129639899947,0.9975237468090108,0.9892356037366137,0.9888916138500481,0.9983448425935474,0.998044810361733,0.9814898904467604,0.9999999330999924,0.9977762039574418,0.9974563507572827,0.9978303703962342,0.9977118796889226,0.9980527441144653,0.9985094989701258
submission_cnn_xgboost_golden_tri.csv,0.9953141793771061,0.9920853464273396,0.99546967451841,0.9954678274177703,0.9958720030202127,0.9928609252446411,0.9688888961236026,0.9984799894383006,1.0,0.9998421751007288,0.9871149072351876,0.9998017404149147,0.9993552250881815,0.9791356641481163,0.9969430437244787,0.9995230486853173,0.9997034482348545,0.9997215476995466,0.9976286068344195,0.9920671596995442,0.9921948356717591,0.9973824227895662,0.990117034562317,0.9970382856625555,0.9997818888431385,0.9929166382426119,0.9998444365471708,0.9976972189936145,0.9102546907008667,0.9928641522297822,0.9911919912897192,0.9943363999174853,0.9938462437043818,0.9892026599575297,0.9977215812202544,0.9985774404985018,0.9832547396817363,0.9973220874453435,0.998133278031292,0.9987777636099301,0.9880094496138159,0.9995287338257939,0.9994808419055697,0.9975738797556831,0.9977909771300462,0.9986020309348773,0.9756298916206733,0.9930197103099543,0.9966286866885017,0.993011884520193,0.9957254552038597,0.9998924163144584,0.9996128795559363,0.9844308914665619,0.9998844609037075,0.9996185272841385,0.984925701642718,0.999851937100236,0.9994132497227926,0.9785138922156986,0.9994132497227926,0.9785138922156986,0.9994132464339414,0.9785138313997157,0.9998375075440359,0.9993190506835017,0.9756134961028754,0.9782084270927401,0.9965049521452594,0.9977481156406466,0.9984132197932987,0.9989395068912806,0.990045694781332,0.9930176057145849,0.9998754729582984,0.9995291275158993,0.9820030716753853,0.9984799375160126,0.9993703843497126,0.9994739723112026,0.9996069795857463,0.999569252906489,0.9996378005747134,0.9973345710268037
submission_cnn_xgboost_master_70_30.csv,0.9965595324259134,0.9938257483296533,0.9967183582741109,0.9967166250961184,0.9946180723075719,0.994104121552534,0.9725195929602871,0.9983734831191013,0.9998421751007288,1.0,0.9896433763872268,0.999653941495943,0.9995320706804275,0.98186329220338,0.9978789053324255,0.9988398790332446,0.9992167214175385,0.9992263094825128,0.998070471884548,0.9902987143793717,0.9917550298528663,0.9979345882217417,0.9912330229103914,0.9965958003404128,0.9992884550645187,0.9942036790381222,0.999484804623131,0.9981932410334807,0.9155923906421486,0.9912096606877898,0.9890874594892081,0.9926503691940272,0.9923444077586194,0.9871388443180199,0.9985109819705268,0.9991423066792158,0.9857918797542861,0.9981979165342808,0.9988164932491926,0.9992732700971735,0.9901435238671477,0.9988279402948218,0.9987511397606067,0.998415105225784,0.998574753957107,0.9991630888863744,0.9784831640210402,0.9919020602411608,0.9952253580711422,0.9915012318805064,0.9949227632996837,0.9997180380164383,0.9997472537653231,0.986955119618959,0.9996941211528214,0.9997286126786106,0.9873631680935141,0.9997417045045599,0.9996488480711623,0.9815029930826794,0.9996488480711623,0.9815029930826794,0.999648846576908,0.9815029388900565,0.999764938650898,0.9996131935153512,0.9788444629606692,0.9809322288993853,0.9958599043712068,0.9985271909836803,0.9990250674758514,0.9993882231008526,0.9919124899697318,0.9910808097725238,0.9997283281132253,0.9997063965565103,0.9847219674501266,0.9983734511578792,0.9985832051237712,0.9987868430114123,0.999096802134385,0.9990662423298247,0.9992450896003863,0.9977500415297416
submission_cnn_xgboost_pure.csv,0.9950556586448885,0.9956712230013952,0.9947820153707498,0.9947820870269861,0.9742338595602336,0.9941873220448696,0.9897178224970711,0.9869536708039446,0.9871149072351876,0.9896433763872268,1.0,0.9870449617993055,0.9893864098061932,0.9921293058595062,0.99352413960516,0.9821591839239295,0.9838809658300651,0.9838428853843473,0.9911814285001777,0.9672771654606468,0.9772680994303392,0.9909629297113539,0.9879336767780592,0.9815755725174653,0.9840086182899697,0.994683080411019,0.985189563347265,0.9917100109809476,0.9462873793629719,0.9691324331626667,0.9615205466783027,0.9683743952620188,0.9713841319592756,0.9617862814209274,0.9930694566426331,0.9919760707288043,0.9946418991355862,0.9934180015624897,0.9925569726574779,0.9915735027772725,0.9957420673599031,0.982005675129152,0.9817267683139619,0.9933470270906826,0.993072896060956,0.9919565904582208,0.9894270279931131,0.9722508081642235,0.9730957231030876,0.970448025503955,0.9786185923689243,0.9869095064543862,0.9892812537187043,0.9955330743965575,0.9867629031572169,0.989075692911463,0.9952619547976711,0.9874104495468294,0.9899379398122096,0.9936260426399737,0.9899379398122096,0.9936260426399737,0.9899379586062484,0.9936260622454469,0.987720782208572,0.9903493428356839,0.9929032926026498,0.9913236330818835,0.9814261738557646,0.9930017352324436,0.9922160090060475,0.9913284118668111,0.9954471848923466,0.9648252544509057,0.9871227153079436,0.9895608101232974,0.9947822978102632,0.986953828938087,0.9811571807018686,0.9820756331739195,0.983606561498179,0.9836141415164164,0.984620585566581,0.9906635858532531
submission_cultural_affinity_golden_quad.csv,0.9959537552063702,0.9929368880175958,0.9961058360864945,0.9961041021930235,0.995953988261054,0.9923129403711207,0.9693037474315068,0.9981412294504193,0.9998017404149147,0.999653941495943,0.9870449617993055,1.0,0.9997761355475787,0.9814206719766839,0.9977025431921129,0.999239420505291,0.9994812437872544,0.9994967626248061,0.9972818412298834,0.9925015972909633,0.9929331346238842,0.9975313276578236,0.9913861028506943,0.9975788831152447,0.9995625835523788,0.9928542537990052,0.9996239622764287,0.9974845957882841,0.9134825239033304,0.9932336321765046,0.9909631410753635,0.9942895544740051,0.9941834048027561,0.989713087360955,0.998236595270554,0.9989665809481263,0.9847581840382384,0.9978445571002424,0.9985584244792757,0.9991080536393676,0.9891748122218247,0.9993101631309738,0.9992631501605451,0.9980464343949534,0.9982234243358314,0.9989368597462563,0.9769886068425502,0.993576888894215,0.9965284012022699,0.9934915668632172,0.9959411798217117,0.9999132630798702,0.9997606432739485,0.9856326115183789,0.9999248831586633,0.9997963890583096,0.9862468230432833,0.9998799605801444,0.9995731045034487,0.9797919006735979,0.9995731045034487,0.9797919006735979,0.999573102531194,0.9797918425732238,0.9999311158770134,0.999580022293453,0.9772950899659772,0.9792470825532441,0.9965635024042938,0.9982523120770279,0.9988249752308516,0.9992610766401249,0.9911594546197103,0.9928433140434753,0.9999137834480685,0.9997041412573308,0.9833226471417658,0.9981411889057591,0.9991544438147373,0.9994000902188133,0.9995212805138348,0.999498841704423,0.9995652258724713,0.9972586765061683
submission_cultural_affinity_master_70_30.csv,0.9973761943708703,0.9949741775593343,0.9975297862549776,0.9975282285770277,0.9945498026293771,0.9930972866404327,0.9730230434790141,0.9976716043944837,0.9993552250881815,0.9995320706804275,0.9893864098061932,0.9997761355475787,1.0,0.9852268903581195,0.9988759341118051,0.9982159205790211,0.998689304598491,0.9986948290315429,0.9973626949250408,0.9907665882117598,0.9927046931844026,0.9979893872017827,0.9930159570928754,0.9972409182531391,0.9987654003846548,0.9939431428253352,0.9989614666430907,0.9976920909218212,0.9204461877433776,0.9915789227194866,0.9885329541767409,0.9923795926835051,0.992665593489315,0.9877205817302599,0.9991307095889529,0.9995660002711453,0.9879522004889112,0.9988301510313164,0.9992969143485555,0.9996057523795717,0.9917791536340081,0.9983036987201027,0.9982279276391357,0.9989702382682383,0.9990675946931244,0.9995033201304876,0.9804261792111469,0.9925656832997432,0.9948753101933752,0.9920413592629496,0.9950650612633882,0.9995674335344019,0.999795140474661,0.9886516774952898,0.9995734014036626,0.999822447941147,0.9892420313700071,0.9996028600144357,0.9997164933772321,0.9833230802017771,0.9997164933772321,0.9833230802017771,0.999716493926056,0.9833230302663561,0.9997272540993055,0.9998368227027165,0.981287674554837,0.9823817403064269,0.9957624600529741,0.9991301820144656,0.9994840588716732,0.9997067503949467,0.9934654546864243,0.9906116781357696,0.9996048584206667,0.9997966387253532,0.986602188558466,0.9976715901442467,0.998062048158435,0.9984849869391569,0.9987787875760861,0.9987717960642101,0.9989485639356438,0.997458034622699
submission_cultural_affinity_pure.csv,0.9925279871389237,0.9947379888844645,0.9923464731626722,0.992346424270521,0.9670953133850292,0.9831982074999797,0.9867136716797282,0.9778783269388981,0.9791356641481163,0.98186329220338,0.9921293058595062,0.9814206719766839,0.9852268903581195,1.0,0.9917095493724428,0.9734426665400396,0.9756269144678117,0.9755681057747875,0.9818064925386953,0.9611218955660413,0.9746034618328819,0.9851653274049773,0.9893936239325313,0.9779422770857701,0.9757599757258649,0.9865993854604659,0.9769930286067273,0.9831876416212312,0.9608855233862796,0.9626027701947101,0.9526337191809116,0.9606951511031918,0.9647215179559067,0.9560222110878489,0.9897052916617318,0.9877694326448991,0.9976516548696143,0.9901381171488467,0.9886163703955191,0.9869899254944775,0.9966186343124639,0.9736723062228083,0.973385328550631,0.9897638797050913,0.9892224288221062,0.9874301612745796,0.9917887259340942,0.9682650401644188,0.9651968779057802,0.9646359460395542,0.9720544373549738,0.9802088785981351,0.9834632000062105,0.9968194814212789,0.9801730221467161,0.9834278957101065,0.9972260759425065,0.9807819920396332,0.9842391214218029,0.9956034368884495,0.9842391214218029,0.9956034368884495,0.9842391414920232,0.9956034504837837,0.981502114597295,0.9852829944362443,0.9974140867527715,0.9913151627229155,0.9733866941295262,0.9895780090683515,0.9881700773301014,0.9866762894067269,0.9959055722975557,0.9563079626081281,0.9805388425082288,0.9839254462438112,0.9968751164027355,0.9778785084726804,0.9727998180993019,0.9746164588231739,0.9761671208567959,0.9762718203197225,0.977312691039847,0.982911548716369
submission_cultural_affinity_ultra_blend.csv,0.9993471362899842,0.9983901315527546,0.9995039653020198,0.9995029020473102,0.9896452105692682,0.9941637391025498,0.9814035945750068,0.9953696246986053,0.9969430437244787,0.9978789053324255,0.99352413960516,0.9977025431921129,0.9988759341118051,0.9917095493724428,1.0,0.9945075590852551,0.9954338967505295,0.9954232154185301,0.9962821264619892,0.9848153990034605,0.9904714159753996,0.9980061904866372,0.9949742265016072,0.9947511863825871,0.9955329181629446,0.995520384298749,0.996043205076433,0.9968212216109031,0.9345642438066853,0.9858094447042256,0.9811857070913893,0.9863508287226718,0.9873143824569083,0.9810659513456683,0.9997436155577332,0.9995272329543418,0.9936608692646426,0.9997394004561858,0.9996352145810411,0.9993878894348409,0.9964338686453484,0.9945775079635326,0.9944378518757975,0.999763643277555,0.9996800885243555,0.9994639891462483,0.9872746686999162,0.988526981684487,0.9895092475659398,0.9867468652518597,0.9913373068752778,0.9973908568973099,0.9985079590001185,0.994378488611686,0.9973685556421731,0.9984924273992792,0.994823129692541,0.997629780701806,0.9987499045886369,0.9905142135322639,0.9987499045886369,0.9905142135322639,0.9987499103306684,0.9905141798171029,0.9978721826004195,0.999053648174152,0.9892394968465117,0.9886227608290516,0.9924150898622224,0.999679312382833,0.9995565692686256,0.999314520080203,0.9971294634587917,0.9837754559354126,0.9975242694344718,0.9986600368892915,0.9929992742959247,0.9953696629977807,0.9941449872271905,0.9949232517128224,0.995541588050112,0.995554003500301,0.9959937006334117,0.9964512264451398
submission_day_calibrated_master.csv,0.9924267546749144,0.988355225733403,0.9925765900739126,0.992574582332915,0.9971271601195337,0.9903161086720964,0.9622895949833512,0.9979675585105819,0.9995230486853173,0.9988398790332446,0.9821591839239295,0.999239420505291,0.9982159205790211,0.9734426665400396,0.9945075590852551,1.0,0.9998019695183297,0.9998328827184655,0.9962611366246682,0.9940600829954714,0.992069362647263,0.9957514784392356,0.9872487191369153,0.996872729438212,0.9998786193386756,0.9901558198324992,0.9997260298941952,0.9961993445230238,0.9001190925474938,0.9946959052805402,0.9941066284274369,0.9963351542402566,0.9954684970613606,0.9916958317824756,0.9955842310657341,0.9968320177220005,0.9780717434010605,0.9950533062004997,0.99619561326473,0.9971628943946669,0.9835801459798519,0.9999613364112403,0.9999586402553055,0.9953705130859302,0.9956899605520543,0.9968806934203034,0.970019568805387,0.994053238941053,0.9981768589382296,0.9945822243528316,0.9962056586807737,0.999423241910053,0.9986193443834013,0.9793677350689087,0.9994356561229645,0.9986558957110829,0.9799694801777907,0.9992826388460725,0.9982614614155358,0.9727182545459231,0.9982614614155358,0.9727182545459231,0.9982614565610823,0.9727181884689751,0.99918620734208,0.9980401506511166,0.9692998794157947,0.9728853754440137,0.9968471889119527,0.995616801560932,0.9965768945584509,0.997391037521782,0.9859972580486905,0.9955861395603539,0.999360892866702,0.9984640843484318,0.9766158816499306,0.9979674928341757,0.9999380525372779,0.9998459356913649,0.9996522801471733,0.9995956860277757,0.9994806831010187,0.9958341584297065
submission_deep_sota_v11_60_40.csv,0.9934373749970868,0.9896542863133108,0.9935906675311175,0.9935888896805279,0.9969300161867385,0.9910563917053389,0.9645574030431919,0.9978489984034632,0.9997034482348545,0.9992167214175385,0.9838809658300651,0.9994812437872544,0.998689304598491,0.9756269144678117,0.9954338967505295,0.9998019695183297,1.0,0.9999975760818691,0.9969126393168695,0.9937099733223138,0.992221558550554,0.9964791444651335,0.988959216071594,0.9974118418833415,0.9998906489428511,0.9910039965797691,0.9998423028397833,0.9968980222358541,0.9049445295621389,0.9942523547640782,0.9934393244618782,0.9959323847212457,0.9950653870417258,0.9912640976006031,0.9963558000021484,0.9974650475571214,0.9799167787127616,0.9958509056001316,0.9968814775898047,0.9977398268685794,0.9851039879683287,0.9998428565458991,0.9998003182592374,0.9961571325263502,0.9964343396902804,0.9974957835064665,0.972394782894625,0.9937617527895551,0.9978259876987758,0.9943992880271523,0.9962225489240782,0.9995966082320872,0.9989865861009531,0.9811179105317694,0.999610668924742,0.9990257855294965,0.9817342121055003,0.9994960683858354,0.998691894826911,0.974754340345942,0.998691894826911,0.974754340345942,0.9986918936561279,0.9747542893160372,0.9994353820056524,0.9985259315124346,0.9715596992502878,0.9751553666100513,0.9968259678035492,0.9963811378056839,0.9972382809013172,0.9979519608318957,0.9874277567443659,0.9950080957636682,0.9995548804452553,0.9988636488944348,0.9785073927843584,0.9978489785467773,0.9997005021711823,0.9997665712286433,0.9998735197764436,0.9998554840122762,0.999802029296297,0.9965971509591319
submission_deep_sota_v11_golden_tri.csv,0.9934309377384558,0.9896387271789479,0.9935838570017188,0.9935820707474912,0.9968915097405168,0.9910478751077311,0.964504026467275,0.9979475012291363,0.9997215476995466,0.9992263094825128,0.9838428853843473,0.9994967626248061,0.9986948290315429,0.9755681057747875,0.9954232154185301,0.9998328827184655,0.9999975760818691,1.0,0.9969412307333824,0.9936899760273631,0.9922379231124917,0.9964329554399728,0.9888421805586544,0.9973373112633075,0.9999198267404569,0.9909930839765141,0.999868923385871,0.9969231829365351,0.9047187712951307,0.9942502689476612,0.9934209020392716,0.9958924855857448,0.9950635954818571,0.9912416702529399,0.996353977713036,0.9974682961274333,0.9798757666063382,0.9958498692276506,0.9968840807953505,0.9977459747026008,0.9850794809845997,0.9998705873474724,0.9998316093526108,0.9961561403872748,0.9964357872638389,0.9975011825985464,0.9722822283007718,0.9937630893184647,0.9978107810993749,0.994367081605451,0.9961855571524274,0.9996169422192889,0.9989995471620262,0.981088746650257,0.9996302669458087,0.9990376137839154,0.9817005447409256,0.999513876414137,0.9987009079801038,0.9747083853354052,0.9987009079801038,0.9747083853354052,0.9987009063917478,0.9747083325509979,0.9994512581934579,0.9985319563964897,0.971501738774934,0.975045713729251,0.9968051961783145,0.9963817290603911,0.9972420835527965,0.9979588943140687,0.987407809098917,0.9949795305099708,0.9995734325916681,0.9988738478852687,0.9784669565850455,0.9979474756343204,0.9997388728486992,0.9997856781365106,0.999878653333912,0.9998560085277791,0.9998063153212557,0.996631124084972
submission_deep_sota_v11_pure.csv,0.9959515676433194,0.9932130201003009,0.995690566396085,0.9956902431220098,0.9893268460667602,0.9945221064800492,0.9753459549219514,0.9988155273988653,0.9976286068344195,0.998070471884548,0.9911814285001777,0.9972818412298834,0.9973626949250408,0.9818064925386953,0.9962821264619892,0.9962611366246682,0.9969126393168695,0.9969412307333824,1.0,0.9856121897222209,0.9891911794372218,0.9955328064653395,0.9885448812798613,0.9919781250055191,0.9971899390386129,0.9942540263662156,0.9977210653440952,0.999917004527531,0.9193582017469505,0.986739048081739,0.9842848093969505,0.9865267085265895,0.9881218028375142,0.982321542258778,0.9969483743612577,0.9974426842007812,0.9859744095916201,0.9967576466852711,0.9972404842746062,0.9975652789409504,0.990194316175138,0.9961739812328775,0.9960453316053819,0.9970080270272003,0.997156351476574,0.997558184092701,0.9786324691106293,0.98729195423471,0.9901443130397136,0.9869226808374814,0.9905058731374184,0.9974826731298839,0.9977861745214779,0.9876179870887771,0.9974255368211169,0.99771672095104,0.9878279020139288,0.9975693140262984,0.9977871826883011,0.9826243917056261,0.9977871826883011,0.9826243917056261,0.9977871941054174,0.9826243884787981,0.9975449027795885,0.997678925462945,0.9797377150238206,0.9814729956793401,0.9926406547546969,0.9969720995190842,0.9973642965983107,0.997624612043334,0.9916484318838259,0.9857074170259784,0.9974932796813971,0.9977468916106514,0.9854155527502241,0.9988156347785941,0.9957743301257254,0.9957431956228475,0.9967457744038701,0.9966901762439654,0.9972187603691104,0.9995274127216279
submission_ensemble_top.csv,0.9814241240532479,0.9756290649419881,0.9812809052128861,0.9812800217106276,0.9974313319708572,0.9794331357626463,0.9408927878138604,0.9883610465703719,0.9920671596995442,0.9902987143793717,0.9672771654606468,0.9925015972909633,0.9907665882117598,0.9611218955660413,0.9848153990034605,0.9940600829954714,0.9937099733223138,0.9936899760273631,0.9856121897222209,1.0,0.9876941623809894,0.9872651399262597,0.9790658165004936,0.9938022742655217,0.99329190684723,0.9801211756946395,0.9925298306926836,0.9858320449386979,0.8795003777262358,0.9993426331339047,0.9952659618981841,0.9973814250772588,0.9990998906698837,0.9979629743163879,0.9859876971427214,0.9877718687533518,0.9648642450338523,0.9850252975287493,0.9866857429939511,0.9881590868580012,0.9706247473734778,0.9944083749282112,0.994488803818986,0.985294962193032,0.9857534588142753,0.9875976207887087,0.9553641894319114,0.9929338536626985,0.9972180589219823,0.999702329671574,0.9957380977379114,0.9923066500963925,0.9905922520105577,0.9648098411018454,0.9924478535625796,0.9908256097153011,0.9661444394178391,0.9919023320643757,0.9898222724618382,0.9563870647110162,0.9898222724618382,0.9563870647110162,0.9898222771655483,0.9563870480902948,0.991823816791533,0.9896272192684383,0.9530919647133805,0.9584096198127856,0.9965056099390366,0.9860743429995198,0.98742610474859,0.9886232674873887,0.9743647647232033,0.9966537063157392,0.9921824484638421,0.9903392621030342,0.9616113354392329,0.9883610846196085,0.9946336033578845,0.9947458454337204,0.9939810308039062,0.9940185630315013,0.993289537318078,0.9860825989246403
submission_gpu_master.csv,0.9885005098086923,0.9853844922450511,0.9886324622856055,0.9886294865689919,0.9901934493915566,0.9830047298491325,0.9589020237466693,0.9904153939881759,0.9921948356717591,0.9917550298528663,0.9772680994303392,0.9929331346238842,0.9927046931844026,0.9746034618328819,0.9904714159753996,0.992069362647263,0.992221558550554,0.9922379231124917,0.9891911794372218,0.9876941623809894,1.0,0.9895926841385495,0.9843015390989919,0.9910834945842113,0.9922843616488535,0.9836081555053394,0.9922288049532054,0.9894721290601584,0.9053609547170225,0.9878742865879183,0.984841202216589,0.9883193522987291,0.988387701652815,0.9847308952322967,0.9911124685143937,0.9917913622334329,0.9781382434769997,0.9905196842948586,0.9912465609873374,0.9918099282288866,0.9818353633025275,0.9922178680003076,0.9921944363868384,0.990646841260971,0.990831126947068,0.9915855830885945,0.968715224272906,0.9979626291758904,0.9902218733884337,0.9886984343639219,0.9904086048615062,0.9927182199987121,0.9924918867695358,0.9780126427835477,0.9927494439441201,0.9925575197984606,0.9787368188116743,0.9926017787478489,0.9921768808210878,0.9716947071274428,0.9921768808210878,0.9716947071274428,0.9921768668619622,0.9716945911679655,0.9927211717227392,0.9922890852663369,0.9696320739840456,0.9695717693965781,0.9906449832899128,0.9913975904146682,0.9918615236924541,0.9921924597092973,0.9850874795819352,0.986771604070168,0.9926886435238794,0.9923893371284538,0.9755331681349715,0.9904152346095338,0.992132731986818,0.9924405620652785,0.9924849389114665,0.9924820365320195,0.992453963470003,0.9896004748110505
submission_grand_champion_blend.csv,0.9976831340550152,0.9958231757756826,0.9976821186951971,0.9976813203301805,0.9926919082839217,0.9947452545053808,0.980927898735931,0.9948329300880108,0.9973824227895662,0.9979345882217417,0.9909629297113539,0.9975313276578236,0.9979893872017827,0.9851653274049773,0.9980061904866372,0.9957514784392356,0.9964791444651335,0.9964329554399728,0.9955328064653395,0.9872651399262597,0.9895926841385495,1.0,0.9939169639314535,0.9963613189603567,0.9962013692152025,0.9952920289967955,0.9964568481078817,0.995725355193795,0.9264500787358515,0.9876241413461563,0.9843354033851401,0.9900822944824996,0.9892018754399755,0.9840069365326669,0.9982040949871819,0.9984696892865574,0.9885646059502746,0.9984114526676517,0.998617560543837,0.9986726150443128,0.9932750473812256,0.9957090833372191,0.9955865468906483,0.9985420550484336,0.998562662063741,0.9986840019769445,0.9863307490347888,0.9898140643649732,0.9924383544296097,0.9889580508733713,0.993667052683758,0.9977083409021223,0.9983743983702944,0.9908266095075416,0.9976916798047925,0.9983672422892477,0.991292505581719,0.9980263429630398,0.9987341149650226,0.9873352558694609,0.9987341149650226,0.9873352558694609,0.9987341191021241,0.9873352170651835,0.9980031519240095,0.998628548629393,0.9844406911104951,0.9882270299938641,0.9944656774193787,0.9980601212064708,0.9983227645939815,0.9984566404144943,0.9931798989623464,0.9872179780029287,0.9978517631847508,0.998540241495836,0.9894620905336136,0.994832964466415,0.9953277091788197,0.996097268430036,0.9962117816684852,0.9962287530815496,0.9963837170179499,0.9950253861206443
submission_grandmaster_5050_blend.csv,0.9940889615061008,0.9936129570124087,0.994258285018127,0.9942583582397074,0.9845446067497685,0.9870848604298381,0.9785722032443268,0.9863593547739675,0.990117034562317,0.9912330229103914,0.9879336767780592,0.9913861028506943,0.9930159570928754,0.9893936239325313,0.9949742265016072,0.9872487191369153,0.988959216071594,0.9888421805586544,0.9885448812798613,0.9790658165004936,0.9843015390989919,0.9939169639314535,1.0,0.9942604187443724,0.9883809058681965,0.9886240329438225,0.9888959862924065,0.989365793803957,0.9544899043898282,0.9789351584913469,0.9755965971059529,0.98144938466051,0.9803550074769019,0.9766240117942504,0.994033423332066,0.9936187485589801,0.9895260979691093,0.9940894434068739,0.9938189598011439,0.9934105065443052,0.9918805291264972,0.9875343610977767,0.987329828689437,0.9942044907335249,0.9939970786323071,0.9935734007739024,0.9883113934747412,0.9825607122770068,0.9838667022845671,0.9816301752158797,0.986038657166935,0.990799376585236,0.9922231728410442,0.9903476231185816,0.9908397283318282,0.9923037909612445,0.9911676071473752,0.991185346583851,0.9926946493100216,0.9874797914884704,0.9926946493100216,0.9874797914884704,0.9926946625347672,0.9874797917350527,0.9915054434627508,0.9931190448757142,0.9867071225219313,0.9890550840497216,0.9858426945688672,0.994112403370003,0.993802284378973,0.9933782374038467,0.9927879060535282,0.9784945495703852,0.9910300335333216,0.9925259671362414,0.9895935297803052,0.9863595052135231,0.9869080580498063,0.9889208948813348,0.9892822481375974,0.9894306423560703,0.9897591939600487,0.9893369701198013
submission_grandmaster_blend_sota.csv,0.9923637365369555,0.9890086841247492,0.9925213880662331,0.9925197006054618,0.9972495345512831,0.9877432252433643,0.9637331045894186,0.9926953844403448,0.9970382856625555,0.9965958003404128,0.9815755725174653,0.9975788831152447,0.9972409182531391,0.9779422770857701,0.9947511863825871,0.996872729438212,0.9974118418833415,0.9973373112633075,0.9919781250055191,0.9938022742655217,0.9910834945842113,0.9963613189603567,0.9942604187443724,1.0,0.996823632821472,0.9885639720234001,0.9966102110508505,0.9923757020539249,0.9174330214214593,0.9936325358060417,0.9921583983367088,0.996327977805801,0.9942913995109435,0.9919177761859516,0.9950344184210504,0.995903100224872,0.9804891822073246,0.9945540751428956,0.9953958338446114,0.9960704926582407,0.9850523235528329,0.9971138506753064,0.9970616966935468,0.9948115711409556,0.9949663610954229,0.9958374466928085,0.9755341400042925,0.9935919490115416,0.997225924306624,0.9948959254316724,0.9964624502489824,0.9973218950553074,0.9969647219754199,0.9811548248959455,0.9973986392500482,0.9971001623418956,0.9821481327664261,0.9973029057531315,0.9967978311399737,0.9753613278974699,0.9967978311399737,0.9753613278974699,0.9967978299681036,0.9753612756988389,0.9973848168636037,0.9968519026613551,0.973049634619111,0.9775228767084202,0.9957861703160198,0.995081922349806,0.9957512250354918,0.9962819318307212,0.9873620942684956,0.9944237905642215,0.9973634799793164,0.9969706826324777,0.979073542480167,0.9926953729495938,0.996942800360714,0.9979408072757893,0.9975137430736035,0.9975954054317318,0.9972957662580635,0.9922411959915742
submission_grandmaster_golden_quad.csv,0.9935872619220244,0.9898247995029662,0.9937384763873625,0.9937367037946409,0.9964214327048553,0.9911119446177117,0.9647224695474432,0.9985021905508457,0.9997818888431385,0.9992884550645187,0.9840086182899697,0.9995625835523788,0.9987654003846548,0.9757599757258649,0.9955329181629446,0.9998786193386756,0.9998906489428511,0.9999198267404569,0.9971899390386129,0.99329190684723,0.9922843616488535,0.9962013692152025,0.9883809058681965,0.996823632821472,1.0,0.9910678837134587,0.9999610974387527,0.997181091064749,0.9044364177121612,0.9939614072821408,0.9929799562324015,0.995341115574858,0.9947889147504139,0.990784207919188,0.9964712112373217,0.9975738379354381,0.9800856758251744,0.9959767238092732,0.9969995798376016,0.9978503964131196,0.9852821739098532,0.9998998109874634,0.9998762253477472,0.996280067886696,0.9965606033020784,0.9976116986019187,0.9720867825014489,0.9935756485979153,0.9974569251907633,0.9939378849072096,0.9958007834633585,0.999690932950628,0.9990826268074176,0.9813267890991592,0.9996991577350802,0.9991128796190257,0.981908846543427,0.9995830787792073,0.998776691556117,0.9749216321707644,0.998776691556117,0.9749216321707644,0.9987766882259227,0.9749215718759218,0.9995232812831589,0.998612085613411,0.9717326751971106,0.9748338473106319,0.9965397429942878,0.9965141399479182,0.9973617117199626,0.9980660439499134,0.9876253985330894,0.9944841574451508,0.9996425727668996,0.998949509753953,0.978677759104411,0.9985021396215973,0.9998140976799351,0.9997683355924114,0.9998239452165234,0.9997768250703305,0.9997711055692594,0.9969305614302978
submission_grandmaster_local.csv,0.9966037546276167,0.9956989737965536,0.99641382772445,0.9964145739547269,0.9846050722247526,0.9990341656427342,0.9833323521378671,0.9922424274048135,0.9929166382426119,0.9942036790381222,0.994683080411019,0.9928542537990052,0.9939431428253352,0.9865993854604659,0.995520384298749,0.9901558198324992,0.9910039965797691,0.9909930839765141,0.9942540263662156,0.9801211756946395,0.9836081555053394,0.9952920289967955,0.9886240329438225,0.9885639720234001,0.9910678837134587,1.0,0.9916921249466584,0.9943276516699381,0.9295002835845358,0.9818635924973035,0.9735269832078576,0.9803451808920034,0.9840134895063338,0.9751695617720936,0.995963783639892,0.9956779936202711,0.9910554774961675,0.9962399393253175,0.9960100730022021,0.9956408619580649,0.9942885538541848,0.9899438112299251,0.989775608230923,0.9962368757390881,0.9962163158790638,0.9958224525016913,0.9840061314095471,0.9817297818443447,0.9839057506185548,0.9823838565269409,0.9873093589452671,0.9931641844115854,0.9945280818856642,0.9928586353962529,0.9930384611597557,0.9943540290955165,0.9926897742989363,0.9934912281777921,0.9949081413105013,0.9896165657682324,0.9949081413105013,0.9896165657682324,0.9949081650234954,0.9896166141898666,0.9935208445602461,0.9948853584370226,0.9871184573625981,0.9867524407290256,0.9913190205572076,0.9956485763506775,0.9955383053698698,0.9953089091510803,0.993546986119111,0.9768654844534147,0.9933071473856045,0.994695924594411,0.991570717867636,0.9922426718904436,0.9894260456697249,0.9899616189353398,0.9904279802865875,0.9903782564214284,0.9908973486624784,0.9930898206236156
submission_grandmaster_master_70_30.csv,0.9942345826563086,0.9906772360501083,0.994386879354666,0.9943852553442698,0.9958126477763369,0.9917449855513394,0.9664224785555561,0.9987380545774072,0.9998444365471708,0.999484804623131,0.985189563347265,0.9996239622764287,0.9989614666430907,0.9769930286067273,0.996043205076433,0.9997260298941952,0.9998423028397833,0.999868923385871,0.9977210653440952,0.9925298306926836,0.9922288049532054,0.9964568481078817,0.9888959862924065,0.9966102110508505,0.9999610974387527,0.9916921249466584,1.0,0.9977249550790835,0.9069251342099255,0.9932446503450119,0.992181235197659,0.9945464579678313,0.9941411982099534,0.9899179829055412,0.9969217260538442,0.9979335616327802,0.9812414137314635,0.9964621593171509,0.997407146127022,0.9981820573508954,0.986275375558651,0.999738083404755,0.9996989073263818,0.9967585232634595,0.9970159837575652,0.9979745704066817,0.9733545188844736,0.993101790817146,0.9968468953981139,0.9932727254146236,0.9953862253910069,0.9997459243495558,0.9992682005397451,0.9825038564523991,0.9997469703075247,0.9992875264828183,0.9830467059341453,0.9996656846902436,0.9990058048804232,0.9762970392618081,0.9990058048804232,0.9762970392618081,0.9990058032727857,0.9762969856556801,0.9996191093698239,0.9988617862169785,0.9731935025430835,0.9760634469693648,0.9962578176630585,0.9969630776837506,0.9977423597316362,0.9983800589603565,0.9885176841368409,0.9936833906980804,0.9997078379474514,0.9991513080994974,0.9799292397685745,0.9987380235516499,0.9996057789306138,0.9995803182385956,0.9997681143653409,0.9997231065262581,0.9997863595420478,0.9974537989102231
submission_grandmaster_pure.csv,0.9963563756921466,0.9937190886288436,0.996088807019079,0.996088571241009,0.9894658907139002,0.9944186280017882,0.9757217913894422,0.9987188547501158,0.9976972189936145,0.9981932410334807,0.9917100109809476,0.9974845957882841,0.9976920909218212,0.9831876416212312,0.9968212216109031,0.9961993445230238,0.9968980222358541,0.9969231829365351,0.999917004527531,0.9858320449386979,0.9894721290601584,0.995725355193795,0.989365793803957,0.9923757020539249,0.997181091064749,0.9943276516699381,0.9977249550790835,1.0,0.9212861470160002,0.986900321845551,0.9842566278289593,0.9865822160257021,0.9882204848746265,0.9824625428745395,0.9973279443385781,0.9977447650445658,0.9869639448916823,0.9970976564111516,0.9975320554083418,0.9978096275563466,0.9908569898103864,0.9961435651467692,0.9960131758401994,0.9973421112434677,0.9974525347142149,0.9978054382982657,0.9794442369906512,0.9874895505153799,0.9901710796913211,0.987199188532546,0.99073148759518,0.9975710843458631,0.9979396234427087,0.9883030033020818,0.9975233800192219,0.9978846757212813,0.988570434362689,0.9976643757888762,0.997951387823842,0.9833652471641026,0.997951387823842,0.9833652471641026,0.9979513999999515,0.9833652469546973,0.9977032475675484,0.9979405933812886,0.9808678475365538,0.9821437982966312,0.9927572807571601,0.9973626970818437,0.9976933995476618,0.997893713924778,0.9924467762770867,0.9857124179840991,0.9975958717001551,0.9979223305952671,0.9861920501246252,0.9987189713087375,0.9957387152930418,0.995789164234911,0.9968009671453911,0.9967554939034398,0.9972849635975141,0.9995866705588062
submission_grandmaster_sota_pure.csv,0.9382043224941513,0.9453917131428454,0.9380780088046659,0.9380835259634541,0.8894967127973658,0.9260370976374013,0.9600647540454856,0.9089425867950396,0.9102546907008667,0.9155923906421486,0.9462873793629719,0.9134825239033304,0.9204461877433776,0.9608855233862796,0.9345642438066853,0.9001190925474938,0.9049445295621389,0.9047187712951307,0.9193582017469505,0.8795003777262358,0.9053609547170225,0.9264500787358515,0.9544899043898282,0.9174330214214593,0.9044364177121612,0.9295002835845358,0.9069251342099255,0.9212861470160002,1.0,0.8794862709983545,0.8700380280373219,0.8801946289228415,0.8829033324765888,0.8756182071744676,0.930312295531423,0.9263760636367769,0.9543561764370586,0.9318440565235466,0.928516948151977,0.9251408200924927,0.9503765035654804,0.9005115387589775,0.8999008448223117,0.9315516313136422,0.9303585788751972,0.9263848556632471,0.9633352836768257,0.8919714798201314,0.8866524698833766,0.8859883595665239,0.897607323994707,0.9120207588109891,0.9182747781269247,0.9554663821869899,0.9119590033707877,0.9182003869020093,0.9557555696600107,0.913498878356075,0.9204763816149163,0.9608302919952535,0.9204763816149163,0.9608302919952535,0.9204764387330617,0.9608304592131623,0.9144560657717896,0.9218958144662673,0.9643827966019477,0.9608933164713274,0.8991374352669904,0.930467976175121,0.9274713285589405,0.9244358823023119,0.94735176834219,0.8745109070642394,0.9127587555111168,0.9193777291497901,0.9584116501373403,0.9089432286124228,0.8986727052884669,0.9033633088752362,0.905859026674173,0.9061810428381216,0.9082199589609051,0.9215525769403575
submission_grandmaster_unbiased.csv,0.9826191367193884,0.9769854656684502,0.9824818742312129,0.9824809504590227,0.9973311071139064,0.9808747669249505,0.9420128796712708,0.9895357865146708,0.9928641522297822,0.9912096606877898,0.9691324331626667,0.9932336321765046,0.9915789227194866,0.9626027701947101,0.9858094447042256,0.9946959052805402,0.9942523547640782,0.9942502689476612,0.986739048081739,0.9993426331339047,0.9878742865879183,0.9876241413461563,0.9789351584913469,0.9936325358060417,0.9939614072821408,0.9818635924973035,0.9932446503450119,0.986900321845551,0.8794862709983545,1.0,0.9950057800961121,0.9971818145627618,0.99975036733966,0.997391811094036,0.987101189054887,0.9887937995746445,0.9666838803789194,0.9861346046356487,0.9877267964642609,0.9891335082845236,0.9721741289338399,0.9949856008779635,0.9950684003828737,0.9863402347981397,0.9868067657008793,0.9885799467797858,0.9557792418048229,0.9929111551826537,0.9972658981479564,0.9991975469413342,0.9957413313291915,0.9930608007853728,0.9914381571469492,0.9664092587716003,0.993177499887003,0.9916340077759469,0.9676012156075366,0.992626046418978,0.9906220469765586,0.9578213229665099,0.9906220469765586,0.9578213229665099,0.9906220515377807,0.957821304758865,0.9925612242493743,0.9904481381150063,0.9546118712610591,0.9590142494157643,0.9966418598989888,0.9871743489407563,0.9884603438659134,0.989593253562226,0.9758905954770938,0.996440786952094,0.9929208926527823,0.9911613371632345,0.9631248425854108,0.9895358224764323,0.9952179053425522,0.9952111364325044,0.9944148745402283,0.994422911669653,0.9937499197056145,0.9869654304918132
submission_hurdle_calibrated.csv,0.9768894150209507,0.9703796469773451,0.977036012243289,0.977033025529574,0.9954046076670615,0.9743759550793943,0.9342402451228932,0.9875807474219243,0.9911919912897192,0.9890874594892081,0.9615205466783027,0.9909631410753635,0.9885329541767409,0.9526337191809116,0.9811857070913893,0.9941066284274369,0.9934393244618782,0.9934209020392716,0.9842848093969505,0.9952659618981841,0.984841202216589,0.9843354033851401,0.9755965971059529,0.9921583983367088,0.9929799562324015,0.9735269832078576,0.992181235197659,0.9842566278289593,0.8700380280373219,0.9950057800961121,1.0,0.9972119072348885,0.9948024095595335,0.9944394572633948,0.9825885618331022,0.984864835348231,0.9571282149651176,0.9813824701278916,0.9834790609158612,0.9853776852867686,0.9636974107419659,0.9941618342130578,0.9942454388248407,0.9819377635755822,0.982459800649723,0.9847601701290928,0.9484963638754412,0.9908430666308944,0.9970270932651621,0.9946082012326819,0.9917848820118687,0.9909427554663002,0.9886297175210587,0.9575160056353996,0.9910692771900317,0.9888401653306267,0.9587500346521295,0.9904708267200305,0.9877509734060274,0.9485312011487165,0.9877509734060274,0.9485312011487165,0.9877509609026656,0.948531112909248,0.9903523174714465,0.9874933929977237,0.944936475291964,0.9519494303537289,0.9915044510235951,0.9827582084782952,0.9844607728335181,0.9860003512743652,0.9683276016156248,0.9995608522856109,0.9907716028854334,0.9883026380651441,0.9539761160867942,0.9875806043631001,0.9943965573656484,0.994230463539365,0.9933967243208788,0.9934038959591198,0.992633703007968,0.9841463194701535
submission_hurdle_top.csv,0.9827809554489438,0.9771496122888713,0.9829279631896983,0.9829248806516659,0.9991744166021437,0.9801061536993072,0.9438922984322003,0.9895610575931567,0.9943363999174853,0.9926503691940272,0.9683743952620188,0.9942895544740051,0.9923795926835051,0.9606951511031918,0.9863508287226718,0.9963351542402566,0.9959323847212457,0.9958924855857448,0.9865267085265895,0.9973814250772588,0.9883193522987291,0.9900822944824996,0.98144938466051,0.996327977805801,0.995341115574858,0.9803451808920034,0.9945464579678313,0.9865822160257021,0.8801946289228415,0.9971818145627618,0.9972119072348885,1.0,0.9972262374756234,0.9959584996622273,0.9876112807338479,0.9894998168464448,0.9651532067237828,0.9867056711036517,0.9884305687022413,0.9899664354253638,0.9714462012280008,0.9965386538674083,0.9966088751208754,0.9870750364994204,0.9875184071962092,0.9894184558387518,0.9572458320862248,0.9942076540180642,0.9996746147671915,0.9972890710520022,0.9965683097787504,0.994298570697361,0.9925190900649892,0.9656885993608993,0.9944038044351594,0.9926972836853474,0.9668124034922443,0.9939556608059981,0.9918427112215655,0.9576016593288346,0.9918427112215655,0.9576016593288346,0.9918426985381376,0.9576015655912326,0.9938462815284125,0.9915999759097,0.954077434890363,0.9602145067939446,0.9955132350109555,0.9876332025858343,0.989080776944509,0.9903711599101633,0.9748591774286836,0.9989523552653341,0.994188502887709,0.9922874538424796,0.9625624071631809,0.9895609166090928,0.9967333432862185,0.9969109615830545,0.9958564788514942,0.9958840626187583,0.9950841766231951,0.9863642470539248
submission_improved_top.csv,0.9844368948258894,0.9790986948503644,0.9843161185540861,0.9843151302739634,0.9976096614443959,0.9830640425895195,0.9456602752461384,0.9906714026820272,0.9938462437043818,0.9923444077586194,0.9713841319592756,0.9941834048027561,0.992665593489315,0.9647215179559067,0.9873143824569083,0.9954684970613606,0.9950653870417258,0.9950635954818571,0.9881218028375142,0.9990998906698837,0.988387701652815,0.9892018754399755,0.9803550074769019,0.9942913995109435,0.9947889147504139,0.9840134895063338,0.9941411982099534,0.9882204848746265,0.8829033324765888,0.99975036733966,0.9948024095595335,0.9972262374756234,1.0,0.9969100222634751,0.9885993290073399,0.9901893145488347,0.9689526929226581,0.9877368437432806,0.9892242836813786,0.9905287469701115,0.974440064495476,0.995703282274103,0.9957726088853416,0.9879296446913517,0.9883762519877827,0.990022260281745,0.9585016378417117,0.9931313443553208,0.9975102734576289,0.9990908954805352,0.9962627112537165,0.9940836286736716,0.9926362248585755,0.9689477794234614,0.9941836372117364,0.9928066074521655,0.9700458620984785,0.9937044271599074,0.9919068508882554,0.960732264571392,0.9919068508882554,0.960732264571392,0.9919068550107177,0.9607322427748306,0.9936183660185207,0.9917005492889512,0.9573965552252958,0.9617494124731708,0.9974318845123102,0.9886146909644269,0.9898380510463937,0.9909097195132051,0.9777180340063588,0.9963459766283211,0.9939607441377256,0.9923860918541164,0.9657802410926914,0.9906714335656958,0.9958953106825367,0.9959082438870926,0.9951548075347881,0.9951558405415505,0.9945466125117733,0.9882084297614855
submission_lgbm_baseline.csv,0.9771579773758877,0.9709198724398144,0.9770444014860405,0.9770430322119713,0.9956080019389888,0.9744923075371762,0.9352022485000613,0.9853858730674923,0.9892026599575297,0.9871388443180199,0.9617862814209274,0.989713087360955,0.9877205817302599,0.9560222110878489,0.9810659513456683,0.9916958317824756,0.9912640976006031,0.9912416702529399,0.982321542258778,0.9979629743163879,0.9847308952322967,0.9840069365326669,0.9766240117942504,0.9919177761859516,0.990784207919188,0.9751695617720936,0.9899179829055412,0.9824625428745395,0.8756182071744676,0.997391811094036,0.9944394572633948,0.9959584996622273,0.9969100222634751,1.0,0.9821360079140471,0.9841584887402548,0.9591307582409155,0.9811521947983602,0.9829986238479073,0.9846536567038024,0.96550898881978,0.9920742030256628,0.9921707398899156,0.9814734457098947,0.9819665266679305,0.9840269711042854,0.9514037780957312,0.9908047318701807,0.9955215364014317,0.9973979779028191,0.9935018511876831,0.9894466042447977,0.9874375970635849,0.9593125220440248,0.9896283471093016,0.9877328879973624,0.9608788466163073,0.9890049547824259,0.9866081475399288,0.9506065540506679,0.9866081475399288,0.9506065540506679,0.9866081468251945,0.9506065146577215,0.9889036987990344,0.98637777088224,0.947167163964017,0.9543553805362315,0.9931135148488397,0.9822187247211108,0.983751762090971,0.9851261287870193,0.9692975166457396,0.995595239148613,0.989313321392729,0.9871697972515029,0.9560360665506413,0.9853858507418032,0.9923476073324006,0.9925062219750104,0.9915281735061972,0.991567746850339,0.9907440939474785,0.9827806615769735
submission_managerial_hazard_master_70_30.csv,0.9993072363863291,0.9980760203412226,0.9994616346582224,0.9994604199060209,0.9907697368896173,0.9949397935735858,0.9801249300685227,0.9962972564013067,0.9977215812202544,0.9985109819705268,0.9930694566426331,0.998236595270554,0.9991307095889529,0.9897052916617318,0.9997436155577332,0.9955842310657341,0.9963558000021484,0.996353977713036,0.9969483743612577,0.9859876971427214,0.9911124685143937,0.9982040949871819,0.994033423332066,0.9950344184210504,0.9964712112373217,0.995963783639892,0.9969217260538442,0.9973279443385781,0.930312295531423,0.987101189054887,0.9825885618331022,0.9876112807338479,0.9885993290073399,0.9821360079140471,1.0,0.9998916952733844,0.993073919716652,0.9998956403432574,0.9998994154574269,0.9997572075276531,0.9958842057121361,0.9956066466657436,0.9954808114979489,0.999894463310846,0.9998941526379383,0.9998006878376933,0.985466467008587,0.9894832916750703,0.9907105728512285,0.9878146685591801,0.9923186096758458,0.9981303597410073,0.9990792500927159,0.9936316981510426,0.9980923023534938,0.9990394655529841,0.9939789565542928,0.9983214292318494,0.9992461164115041,0.9894322047426906,0.9992461164115041,0.9894322047426906,0.9992461197556459,0.9894321611882156,0.9984588427206146,0.9993879663739728,0.9875114656434719,0.9870567953827535,0.9934456977792595,0.9998767627020141,0.9998511071246597,0.9997036878006147,0.9966952219316829,0.9851310192093379,0.9982275790645775,0.9991751408709743,0.9920173342590322,0.9962972671043325,0.9952154154994679,0.9958328390662238,0.996364759415779,0.9963584669401964,0.9967553941189903,0.9969071001709694
submission_managerial_hazard_master_80_20.csv,0.9988647021836894,0.9972056610894382,0.9990186347070449,0.9990173284495616,0.9922948107280997,0.9948290196036546,0.9781364055700732,0.9971456800619058,0.9985774404985018,0.9991423066792158,0.9919760707288043,0.9989665809481263,0.9995660002711453,0.9877694326448991,0.9995272329543418,0.9968320177220005,0.9974650475571214,0.9974682961274333,0.9974426842007812,0.9877718687533518,0.9917913622334329,0.9984696892865574,0.9936187485589801,0.995903100224872,0.9975738379354381,0.9956779936202711,0.9979335616327802,0.9977447650445658,0.9263760636367769,0.9887937995746445,0.984864835348231,0.9894998168464448,0.9901893145488347,0.9841584887402548,0.9998916952733844,1.0,0.9912694652479839,0.9997537990028674,0.9999304783147132,0.9999566773595693,0.994606480153326,0.9968519792348213,0.9967445528714289,0.9998050803473558,0.999854648045331,0.9999542896900333,0.9838241543136486,0.9907125730647576,0.9924146641293524,0.9893944902622892,0.9934632997018257,0.9989166245794929,0.99960245702928,0.9920750297835172,0.9988864047830952,0.9995745426751448,0.9924623691317371,0.9990624987387969,0.9996975338103484,0.9875322266797651,0.9996975338103484,0.9875322266797651,0.9996975359403871,0.9875321798639715,0.9991568908108459,0.9997726494699009,0.9853370511655118,0.9856091417230034,0.9945176942601638,0.9998028543201861,0.9999322007099503,0.9999359072748382,0.9956065301306369,0.9872567503766481,0.998990643493329,0.9996617690316715,0.9902930568412975,0.9971456779193667,0.9965157457112995,0.9970275945860211,0.9974548844267715,0.9974412926870725,0.9977627891117498,0.9973523183803154
submission_managerial_hazard_pure.csv,0.9953418910132295,0.99712831628824,0.9951571555479966,0.9951568301180146,0.9713508166771024,0.9886600519666476,0.9885366138263044,0.9823872319336924,0.9832547396817363,0.9857918797542861,0.9946418991355862,0.9847581840382384,0.9879522004889112,0.9976516548696143,0.9936608692646426,0.9780717434010605,0.9799167787127616,0.9798757666063382,0.9859744095916201,0.9648642450338523,0.9781382434769997,0.9885646059502746,0.9895260979691093,0.9804891822073246,0.9800856758251744,0.9910554774961675,0.9812414137314635,0.9869639448916823,0.9543561764370586,0.9666838803789194,0.9571282149651176,0.9651532067237828,0.9689526929226581,0.9591307582409155,0.993073919716652,0.9912694652479839,1.0,0.9932316730530742,0.9918812017940455,0.9904211056783747,0.998580856345123,0.97811339099725,0.9778450948246435,0.9928172932391778,0.9924271529558477,0.9908224929581427,0.9910255385857442,0.972206224592806,0.9696703349031947,0.9682889963553535,0.9760919997728077,0.9842121688619089,0.987212852153016,0.9985328111286516,0.9841132129138754,0.9870806996547582,0.9985614403668464,0.9847546003427451,0.9879389420524656,0.9970473971227448,0.9879389420524656,0.9970473971227448,0.9879389562636262,0.9970473856204436,0.9852274953219919,0.9886017434146056,0.9973295119124523,0.9911568375240071,0.9778671669446095,0.992680168917023,0.9914408935274823,0.9901111548071196,0.9979042851289521,0.9608317953426185,0.9844899612781058,0.9875939003588555,0.9982414819031574,0.982387354967391,0.9772966668330837,0.9787341674886323,0.9800752102179935,0.9801255553497323,0.9811085762967112,0.9862994879767238
submission_managerial_record_pb_60_40.csv,0.9995708562557593,0.9985458028753744,0.9997254400244856,0.9997244308120814,0.990016007067249,0.9951587719275611,0.9818653252969815,0.9959840969126512,0.9973220874453435,0.9981979165342808,0.9934180015624897,0.9978445571002424,0.9988301510313164,0.9901381171488467,0.9997394004561858,0.9950533062004997,0.9958509056001316,0.9958498692276506,0.9967576466852711,0.9850252975287493,0.9905196842948586,0.9984114526676517,0.9940894434068739,0.9945540751428956,0.9959767238092732,0.9962399393253175,0.9964621593171509,0.9970976564111516,0.9318440565235466,0.9861346046356487,0.9813824701278916,0.9867056711036517,0.9877368437432806,0.9811521947983602,0.9998956403432574,0.9997537990028674,0.9932316730530742,1.0,0.9999241181968463,0.9997043195272153,0.9965110739391297,0.995056246589578,0.9949239092812162,0.9999737256444914,0.9999634386967949,0.9997768649610428,0.9867804817248366,0.9887522888373621,0.9899103779888798,0.9869081852032455,0.9917240343930006,0.9978029099620997,0.9988771897674805,0.9944315550019294,0.9977611951710835,0.9988318683608863,0.994760243139823,0.9980434499117242,0.9991212068659594,0.9905646217720891,0.9991212068659594,0.9905646217720891,0.9991212117114106,0.9905645834651103,0.9981475077558045,0.9992120291348972,0.9884484176242997,0.9883001947274177,0.9929088140047413,0.9998016616077064,0.9997430328891131,0.9995634760900187,0.9968350795391302,0.9840392926646779,0.9979156776624827,0.9989974049920475,0.9929239195606037,0.995984115831553,0.994645591488307,0.9952925852515743,0.995832505393405,0.9958228601075371,0.9962544430680011,0.9966624700206764
submission_managerial_record_pb_70_30.csv,0.9992256261148964,0.9978226301278645,0.9993798177077601,0.9993786856571226,0.9914261127483901,0.995076369085657,0.9799633640027974,0.9967671362080284,0.998133278031292,0.9988164932491926,0.9925569726574779,0.9985584244792757,0.9992969143485555,0.9886163703955191,0.9996352145810411,0.99619561326473,0.9968814775898047,0.9968840807953505,0.9972404842746062,0.9866857429939511,0.9912465609873374,0.998617560543837,0.9938189598011439,0.9953958338446114,0.9969995798376016,0.9960100730022021,0.997407146127022,0.9975320554083418,0.928516948151977,0.9877267964642609,0.9834790609158612,0.9884305687022413,0.9892242836813786,0.9829986238479073,0.9998994154574269,0.9999304783147132,0.9918812017940455,0.9999241181968463,1.0,0.9999280104853155,0.9954381616005356,0.9962017546906905,0.9960850538434064,0.9999441296874969,0.9999742441945121,0.9999582373950898,0.9852520554410751,0.9899321935542263,0.9914682537901344,0.9883993059795347,0.9928045363881319,0.9985426513827949,0.9993850019453104,0.9931021169269475,0.9985078257672828,0.9993501147707058,0.9934660330366532,0.9987360897082483,0.9995545648752656,0.9888882918454858,0.9995545648752656,0.9888882918454858,0.9995545684104841,0.9888882497003919,0.9988162103411483,0.9996080665442961,0.9866147281413292,0.9869377670131794,0.9939192888436589,0.9998239011682986,0.9998913345817799,0.9998346774433255,0.9960320425777215,0.9859922026795461,0.9986337983746089,0.9994711749612039,0.9914396034837111,0.9967671432555382,0.995837813319089,0.9963971313836381,0.9968556908921464,0.9968413832702988,0.9972068063589921,0.9971220969003014
submission_managerial_record_pb_80_20.csv,0.998743579683931,0.9969726661345396,0.9988973667946465,0.9988961152627146,0.992654929964356,0.9948509261027703,0.9779678464122559,0.9973844012902858,0.9987777636099301,0.9992732700971735,0.9915735027772725,0.9991080536393676,0.9996057523795717,0.9869899254944775,0.9993878894348409,0.9971628943946669,0.9977398268685794,0.9977459747026008,0.9975652789409504,0.9881590868580012,0.9918099282288866,0.9986726150443128,0.9934105065443052,0.9960704926582407,0.9978503964131196,0.9956408619580649,0.9981820573508954,0.9978096275563466,0.9251408200924927,0.9891335082845236,0.9853776852867686,0.9899664354253638,0.9905287469701115,0.9846536567038024,0.9997572075276531,0.9999566773595693,0.9904211056783747,0.9997043195272153,0.9999280104853155,1.0,0.9942478934381525,0.9971721527866613,0.9970706991339403,0.9997694112667407,0.9998388730555192,0.9999890035674787,0.9836195954207821,0.9909370092412022,0.9928409953631411,0.9897074748286038,0.9937121131302254,0.9991174845824423,0.9997338093835593,0.9916623293443153,0.9990893742172704,0.9997090904110708,0.9920605049774588,0.9992650169357551,0.9998308280007119,0.9871112407408658,0.9998308280007119,0.9871112407408658,0.9998308302592119,0.987111194863508,0.9993218106451578,0.9998479709912931,0.9846847379761023,0.98546674636059,0.994758495352235,0.9996996889278199,0.9998898990741394,0.9999529564745286,0.9951045507844258,0.9877505129691752,0.9991875593534701,0.9997868121607738,0.9898492047629374,0.9973843967739107,0.9968537644480239,0.9973276033487187,0.9977068493705809,0.9976880026450033,0.9979889316251284,0.9974243012297905
submission_managerial_record_pure.csv,0.99817585929107,0.9993133285229586,0.9980080918958463,0.9980080326402575,0.9769940276642155,0.9922360336546364,0.9909030530241746,0.9873258167182765,0.9880094496138159,0.9901435238671477,0.9957420673599031,0.9891748122218247,0.9917791536340081,0.9966186343124639,0.9964338686453484,0.9835801459798519,0.9851039879683287,0.9850794809845997,0.990194316175138,0.9706247473734778,0.9818353633025275,0.9932750473812256,0.9918805291264972,0.9850523235528329,0.9852821739098532,0.9942885538541848,0.986275375558651,0.9908569898103864,0.9503765035654804,0.9721741289338399,0.9636974107419659,0.9714462012280008,0.974440064495476,0.96550898881978,0.9958842057121361,0.994606480153326,0.998580856345123,0.9965110739391297,0.9954381616005356,0.9942478934381525,1.0,0.9835621312662923,0.9833281988918466,0.9961787399145885,0.9959037295485146,0.9945974279485984,0.993238937569242,0.9770935635976833,0.9757335358974125,0.9736231943706336,0.9810500724706509,0.9889637343972599,0.9915569245512599,0.9996179042886546,0.9888770744262485,0.9914434611790938,0.9997124668672587,0.989511981678671,0.9922879112858969,0.9980453999233226,0.9922879112858969,0.9980453999233226,0.9922879258966504,0.9980453921805316,0.9897724247352375,0.9926228471611971,0.9969941568187203,0.9937311038529749,0.9827707363592978,0.9956676457666055,0.9947810941580821,0.9937948724603058,0.9985279417994923,0.9672895339165332,0.9892178283270495,0.9918998979467226,0.9991330963698587,0.987325922469399,0.9828480238802866,0.9840668544051351,0.9851338950572164,0.9851544148633503,0.986017693380231,0.9902359503204274
submission_master_champion_70_30.csv,0.9924106533763623,0.988325299390188,0.9925605153271362,0.9925585102920761,0.997314756628797,0.9899764136026951,0.9619083843364157,0.9978812176916526,0.9995287338257939,0.9988279402948218,0.982005675129152,0.9993101631309738,0.9983036987201027,0.9736723062228083,0.9945775079635326,0.9999613364112403,0.9998428565458991,0.9998705873474724,0.9961739812328775,0.9944083749282112,0.9922178680003076,0.9957090833372191,0.9875343610977767,0.9971138506753064,0.9998998109874634,0.9899438112299251,0.999738083404755,0.9961435651467692,0.9005115387589775,0.9949856008779635,0.9941618342130578,0.9965386538674083,0.995703282274103,0.9920742030256628,0.9956066466657436,0.9968519792348213,0.97811339099725,0.995056246589578,0.9962017546906905,0.9971721527866613,0.9835621312662923,1.0,0.9999974379737814,0.9953709399423207,0.9956869654236982,0.9968839585039365,0.9700241478569838,0.9942035243822948,0.9983285669551241,0.9949105583925144,0.9963764002092864,0.9994467297204572,0.9986345924219999,0.9793156379288143,0.9994670924266257,0.9986833281032035,0.9799642913679222,0.9992971224654648,0.9982627937839309,0.972609466638005,0.9982627937839309,0.972609466638005,0.9982627881401117,0.9726093975165756,0.9992163020887829,0.9980654743139556,0.9692852057340186,0.9728331499780856,0.996885910819665,0.9956489462519675,0.9966046585898368,0.99741452675962,0.9860581849492412,0.9956799705611651,0.9993834562844194,0.9984778832529546,0.9765573291325842,0.9978811410816651,0.9999771163977831,0.9999186280440471,0.9997772050966865,0.9997317631878556,0.999610429125811,0.9959166097760934
submission_master_champion_80_20.csv,0.9922464780202861,0.9881199614193507,0.9923959066714899,0.9923938708939823,0.9973535950538612,0.9898050878022188,0.9615231779304668,0.9978511637574639,0.9994808419055697,0.9987511397606067,0.9817267683139619,0.9992631501605451,0.9982279276391357,0.973385328550631,0.9944378518757975,0.9999586402553055,0.9998003182592374,0.9998316093526108,0.9960453316053819,0.994488803818986,0.9921944363868384,0.9955865468906483,0.987329828689437,0.9970616966935468,0.9998762253477472,0.989775608230923,0.9996989073263818,0.9960131758401994,0.8999008448223117,0.9950684003828737,0.9942454388248407,0.9966088751208754,0.9957726088853416,0.9921707398899156,0.9954808114979489,0.9967445528714289,0.9778450948246435,0.9949239092812162,0.9960850538434064,0.9970706991339403,0.9833281988918466,0.9999974379737814,1.0,0.9952397811628856,0.9955609188218183,0.9967764038262167,0.9696862703302703,0.9942448459367734,0.9983806866619147,0.9949663640022208,0.9963825571675602,0.999402019686106,0.9985624975666412,0.9790458065547076,0.9994233722657176,0.9986127334519946,0.9796996323436482,0.9992458668084896,0.9981804125685548,0.97229393065916,0.9981804125685548,0.97229393065916,0.9981804063542209,0.9722938592404318,0.9991624869310607,0.997979105623333,0.9689531895865594,0.972501618643783,0.9968765613028118,0.9955251572515738,0.9964942673002037,0.9973172125215182,0.9858478009706451,0.9957578460946466,0.9993359666486507,0.9984014283288654,0.9762683458455325,0.9978510799708322,0.9999898681681774,0.9999165654263052,0.9997421638439671,0.9996935151561307,0.9995621032100245,0.9957953857305467
submission_pb46432_golden_hybrid.csv,0.9995034354765239,0.9983828350719641,0.9996590207938968,0.9996579874873324,0.9902579121855106,0.9952412955743686,0.9816613056977104,0.9962600835431042,0.9975738797556831,0.998415105225784,0.9933470270906826,0.9980464343949534,0.9989702382682383,0.9897638797050913,0.999763643277555,0.9953705130859302,0.9961571325263502,0.9961561403872748,0.9970080270272003,0.985294962193032,0.990646841260971,0.9985420550484336,0.9942044907335249,0.9948115711409556,0.996280067886696,0.9962368757390881,0.9967585232634595,0.9973421112434677,0.9315516313136422,0.9863402347981397,0.9819377635755822,0.9870750364994204,0.9879296446913517,0.9814734457098947,0.999894463310846,0.9998050803473558,0.9928172932391778,0.9999737256444914,0.9999441296874969,0.9997694112667407,0.9961787399145885,0.9953709399423207,0.9952397811628856,1.0,0.9999881472688413,0.999845175741182,0.9865913945156386,0.9889296976121451,0.9902638476058948,0.9871384422899897,0.991833057605753,0.9980121655016355,0.9990289367794682,0.9941115938575001,0.9979696415123122,0.998982342613017,0.9944340977678335,0.9982518173095966,0.9992710798662501,0.990223381124441,0.9992710798662501,0.990223381124441,0.9992710843996935,0.9902233425141311,0.9983609497365198,0.9993695926080793,0.9881348450600376,0.9881795557429965,0.993082505555775,0.9998158812312293,0.9997929581782646,0.9996482103410762,0.9966133740460827,0.9845213867909272,0.9981250028843355,0.9991490454591724,0.9925977824765397,0.9962601023970943,0.9949638022043206,0.9955971487116217,0.9961334787132873,0.996123302546414,0.9965483459380193,0.9969022771426539
submission_pb46432_push_70_30.csv,0.9994202539276034,0.9981978936428431,0.9995753121755797,0.999574242018401,0.9906389465689607,0.9952795633637668,0.9810963255203773,0.9965059910157333,0.9977909771300462,0.998574753957107,0.993072896060956,0.9982234243358314,0.9990675946931244,0.9892224288221062,0.9996800885243555,0.9956899605520543,0.9964343396902804,0.9964357872638389,0.997156351476574,0.9857534588142753,0.990831126947068,0.998562662063741,0.9939970786323071,0.9949663610954229,0.9965606033020784,0.9962163158790638,0.9970159837575652,0.9974525347142149,0.9303585788751972,0.9868067657008793,0.982459800649723,0.9875184071962092,0.9883762519877827,0.9819665266679305,0.9998941526379383,0.999854648045331,0.9924271529558477,0.9999634386967949,0.9999742441945121,0.9998388730555192,0.9959037295485146,0.9956869654236982,0.9955609188218183,0.9999881472688413,1.0,0.9999027562375727,0.9860564587207062,0.9892443792645028,0.9906721347621573,0.9875475678435736,0.9921486444840489,0.9982200047903528,0.9991740285569931,0.9937648121975018,0.9981771937366418,0.9991269590535866,0.9940841029444124,0.9984415249206132,0.9993877426269626,0.989750244511745,0.9993877426269626,0.989750244511745,0.9993877466667554,0.9897502040896974,0.9985255576120093,0.9994475040100048,0.9875061361086436,0.9877018969557146,0.993376439419914,0.9998205917051145,0.9998341134894174,0.9997248964225466,0.996380268185208,0.985012125073271,0.9983216652304568,0.9992767492096615,0.9921773243376898,0.9965060031011316,0.9952951011420335,0.9958898846273188,0.996402308407422,0.9963886978698762,0.9967970682039118,0.9970291368799714
submission_pb46432_push_80_20.csv,0.9989173607467903,0.9972639806089179,0.9990717233686934,0.9990705120971316,0.9921883146379372,0.9950308907848179,0.978752767176254,0.9972618436001586,0.9986020309348773,0.9991630888863744,0.9919565904582208,0.9989368597462563,0.9995033201304876,0.9874301612745796,0.9994639891462483,0.9968806934203034,0.9974957835064665,0.9975011825985464,0.997558184092701,0.9875976207887087,0.9915855830885945,0.9986840019769445,0.9935734007739024,0.9958374466928085,0.9976116986019187,0.9958224525016913,0.9979745704066817,0.9978054382982657,0.9263848556632471,0.9885799467797858,0.9847601701290928,0.9894184558387518,0.990022260281745,0.9840269711042854,0.9998006878376933,0.9999542896900333,0.9908224929581427,0.9997768649610428,0.9999582373950898,0.9999890035674787,0.9945974279485984,0.9968839585039365,0.9967764038262167,0.999845175741182,0.9999027562375727,1.0,0.9841899671770183,0.9905349411319601,0.9923689217456445,0.989198524788875,0.9933308691742008,0.998954480105299,0.9996435519626693,0.992140535052562,0.9989211413212374,0.999610857321994,0.9925095093677767,0.9991203368959926,0.9997693734093249,0.9877191710557641,0.9997693734093249,0.9877191710557641,0.9997693759957682,0.9877191262975468,0.9991796362731372,0.9997905250331226,0.985311464635888,0.9860112113709322,0.9944513729588941,0.9997445017542037,0.9998996548350665,0.9999285283896383,0.9953777893174368,0.9871584487407826,0.999031404798581,0.9997073334479519,0.9903761823363922,0.9972618423601024,0.9965473410128437,0.9970442567641811,0.997458681011526,0.9974402782927849,0.997769252007268,0.9974113350754609
submission_plan_b_7horizon.csv,0.9894603208540136,0.9918984368858964,0.989337591304521,0.9893391474598237,0.9633650266574826,0.9818495981679436,0.9942255635209607,0.9736782645031089,0.9756298916206733,0.9784831640210402,0.9894270279931131,0.9769886068425502,0.9804261792111469,0.9917887259340942,0.9872746686999162,0.970019568805387,0.972394782894625,0.9722822283007718,0.9786324691106293,0.9553641894319114,0.968715224272906,0.9863307490347888,0.9883113934747412,0.9755341400042925,0.9720867825014489,0.9840061314095471,0.9733545188844736,0.9794442369906512,0.9633352836768257,0.9557792418048229,0.9484963638754412,0.9572458320862248,0.9585016378417117,0.9514037780957312,0.985466467008587,0.9838241543136486,0.9910255385857442,0.9867804817248366,0.9852520554410751,0.9836195954207821,0.993238937569242,0.9700241478569838,0.9696862703302703,0.9865913945156386,0.9860564587207062,0.9841899671770183,1.0,0.963170002748577,0.9616342932474206,0.9589261197316772,0.9680386911659085,0.9767021994135281,0.9800826675701042,0.9941767909789034,0.9766652267637604,0.980045666523259,0.9945842409430967,0.9777067928093592,0.9815235042418766,0.9956452481556343,0.9815235042418766,0.9956452481556343,0.9815235279141445,0.9956452795613733,0.9779798353851303,0.9818804615826128,0.9947386088328509,0.999141752104091,0.9690649841588327,0.9853792317846276,0.9841829605298336,0.9828960418395288,0.990213488931753,0.9524974974810316,0.9771632741414747,0.980746805893774,0.9950459211859972,0.9736785398418023,0.9689995958334623,0.9710749004509144,0.9724458397786232,0.9725646518852582,0.9735830795322974,0.9788878975759205
submission_podium_blend.csv,0.9857959286468024,0.9814943902259989,0.9859264506795998,0.9859230447247325,0.9947712332505354,0.9813345365377973,0.9512757172501657,0.9897521755507475,0.9930197103099543,0.9919020602411608,0.9722508081642235,0.993576888894215,0.9925656832997432,0.9682650401644188,0.988526981684487,0.994053238941053,0.9937617527895551,0.9937630893184647,0.98729195423471,0.9929338536626985,0.9979626291758904,0.9898140643649732,0.9825607122770068,0.9935919490115416,0.9935756485979153,0.9817297818443447,0.993101790817146,0.9874895505153799,0.8919714798201314,0.9929111551826537,0.9908430666308944,0.9942076540180642,0.9931313443553208,0.9908047318701807,0.9894832916750703,0.9907125730647576,0.972206224592806,0.9887522888373621,0.9899321935542263,0.9909370092412022,0.9770935635976833,0.9942035243822948,0.9942448459367734,0.9889296976121451,0.9892443792645028,0.9905349411319601,0.963170002748577,1.0,0.9949428360031326,0.9933474184842299,0.9936164692579308,0.9934344332069474,0.9924681508455623,0.9722194308339214,0.9935102305848019,0.9926016918935064,0.9731893235628195,0.9931865410908463,0.991944766872964,0.9649191731719241,0.991944766872964,0.9649191731719241,0.9919447489548137,0.9649190462174837,0.9932072230203762,0.9919036683409728,0.9622235903281001,0.964454172899446,0.9932414103335713,0.9897348487693987,0.990623977932521,0.9913696558506935,0.9806413305554844,0.9927661405758825,0.9933603246859548,0.9922946110700464,0.9693959815625285,0.9897519783314304,0.9943118796350515,0.9945498356074888,0.99387907819849,0.9938792519295366,0.993432664172699,0.9874354214779095
submission_podium_roadmap_blend.csv,0.9863568479842417,0.9811709773969718,0.9865044513169591,0.9865016779110702,0.9993246977887096,0.9837493981745178,0.9498809877003749,0.992854708702114,0.9966286866885017,0.9952253580711422,0.9730957231030876,0.9965284012022699,0.9948753101933752,0.9651968779057802,0.9895092475659398,0.9981768589382296,0.9978259876987758,0.9978107810993749,0.9901443130397136,0.9972180589219823,0.9902218733884337,0.9924383544296097,0.9838667022845671,0.997225924306624,0.9974569251907633,0.9839057506185548,0.9968468953981139,0.9901710796913211,0.8866524698833766,0.9972658981479564,0.9970270932651621,0.9996746147671915,0.9975102734576289,0.9955215364014317,0.9907105728512285,0.9924146641293524,0.9696703349031947,0.9899103779888798,0.9914682537901344,0.9928409953631411,0.9757335358974125,0.9983285669551241,0.9983806866619147,0.9902638476058948,0.9906721347621573,0.9923689217456445,0.9616342932474206,0.9949428360031326,1.0,0.9972901734277352,0.9972126478535421,0.9965798824011638,0.9950788251476567,0.9704152699297871,0.9966593190879978,0.9952176725091414,0.9713946755474809,0.9962916051301849,0.9944884593711704,0.9627156100964914,0.9944884593711704,0.9627156100964914,0.9944884483636846,0.9627155218993212,0.9961887530541519,0.994256133823626,0.95923651277278,0.9645606107276459,0.9966363467841476,0.9907408775006388,0.9920467665430678,0.9931986350891812,0.9788815380700556,0.998693140710519,0.9964818929523881,0.9948665754496834,0.9673849971358137,0.9928545811765659,0.9984691307856969,0.9985583193658523,0.997760343879341,0.9977618559953974,0.9971662065481619,0.9899587708550416
submission_reproduced_0615.csv,0.9836275614519863,0.9782505566560249,0.9834776139047174,0.983476867056605,0.9977285082933082,0.9816572666374498,0.9450001716872501,0.9891910968873575,0.993011884520193,0.9915012318805064,0.970448025503955,0.9934915668632172,0.9920413592629496,0.9646359460395542,0.9867468652518597,0.9945822243528316,0.9943992880271523,0.994367081605451,0.9869226808374814,0.999702329671574,0.9886984343639219,0.9889580508733713,0.9816301752158797,0.9948959254316724,0.9939378849072096,0.9823838565269409,0.9932727254146236,0.987199188532546,0.8859883595665239,0.9991975469413342,0.9946082012326819,0.9972890710520022,0.9990908954805352,0.9973979779028191,0.9878146685591801,0.9893944902622892,0.9682889963553535,0.9869081852032455,0.9883993059795347,0.9897074748286038,0.9736231943706336,0.9949105583925144,0.9949663640022208,0.9871384422899897,0.9875475678435736,0.989198524788875,0.9589261197316772,0.9933474184842299,0.9972901734277352,1.0,0.9964395600187368,0.9932684207786544,0.9918224101742532,0.9681200160553027,0.9933977656264577,0.9920377662432662,0.9693917984242356,0.992917631686536,0.991136841241444,0.9600824111327227,0.991136841241444,0.9600824111327227,0.9911368471201635,0.9600823975111635,0.9928734030264931,0.9909949768161919,0.9570050694527932,0.961830772516128,0.9973698745851244,0.9879241595968842,0.9891153891877853,0.990155817050876,0.9772689060646665,0.996249824037978,0.9931680129401993,0.9916068293162854,0.9650892668255551,0.9891911475102634,0.9950621899680477,0.9953239636087972,0.9946337577923763,0.9946812885290236,0.9940222513141191,0.9873466222912658
submission_sota_night_candidate.csv,0.989187866016707,0.9848583842570264,0.9890552764723313,0.9890528009057302,0.9991083665334658,0.9867111831547266,0.9570670592291932,0.9919978103520158,0.9957254552038597,0.9949227632996837,0.9786185923689243,0.9959411798217117,0.9950650612633882,0.9720544373549738,0.9913373068752778,0.9962056586807737,0.9962225489240782,0.9961855571524274,0.9905058731374184,0.9957380977379114,0.9904086048615062,0.993667052683758,0.986038657166935,0.9964624502489824,0.9958007834633585,0.9873093589452671,0.9953862253910069,0.99073148759518,0.897607323994707,0.9957413313291915,0.9917848820118687,0.9965683097787504,0.9962627112537165,0.9935018511876831,0.9923186096758458,0.9934632997018257,0.9760919997728077,0.9917240343930006,0.9928045363881319,0.9937121131302254,0.9810500724706509,0.9963764002092864,0.9963825571675602,0.991833057605753,0.9921486444840489,0.9933308691742008,0.9680386911659085,0.9936164692579308,0.9972126478535421,0.9964395600187368,1.0,0.9958561633819605,0.9950551580261573,0.9763016774250761,0.9959294286319949,0.9951849620756007,0.9772593179758731,0.9956822825028949,0.994646617338578,0.9694751485662503,0.994646617338578,0.9694751485662503,0.9946466098399698,0.9694750676521134,0.995625008054325,0.99448577451237,0.9663225059727721,0.9708739793745434,0.9976269092290995,0.9921876702049824,0.9931120798981324,0.9938918537603993,0.983200337832191,0.9942897719567655,0.9958157407645549,0.9949337669698884,0.9736878487148329,0.9919977216186546,0.9963796293644878,0.9967650503916313,0.9961635178017362,0.9961894617900277,0.9957372126277905,0.9903848610656883
submission_star_power_champion_golden_quad.csv,0.9959067991877232,0.9928429407736663,0.9960584531659448,0.9960567701720427,0.9959168604496025,0.9928388609360539,0.969707386936637,0.998387501984665,0.9998924163144584,0.9997180380164383,0.9869095064543862,0.9999132630798702,0.9995674335344019,0.9802088785981351,0.9973908568973099,0.999423241910053,0.9995966082320872,0.9996169422192889,0.9974826731298839,0.9923066500963925,0.9927182199987121,0.9977083409021223,0.990799376585236,0.9973218950553074,0.999690932950628,0.9931641844115854,0.9997459243495558,0.9975710843458631,0.9120207588109891,0.9930608007853728,0.9909427554663002,0.994298570697361,0.9940836286736716,0.9894466042447977,0.9981303597410073,0.9989166245794929,0.9842121688619089,0.9978029099620997,0.9985426513827949,0.9991174845824423,0.9889637343972599,0.9994467297204572,0.999402019686106,0.9980121655016355,0.9982200047903528,0.998954480105299,0.9767021994135281,0.9934344332069474,0.9965798824011638,0.9932684207786544,0.9958561633819605,1.0,0.9998185334591418,0.9854644280901412,0.9999978017689576,0.9998330725249998,0.9859960250931309,0.9999824437601792,0.9996549514995476,0.9797112604564574,0.9996549514995476,0.9797112604564574,0.9996549490493986,0.9797112003665919,0.9999604827372416,0.9995493493934187,0.9767699550845091,0.9790907404548855,0.9966202965118148,0.9981314320933182,0.9987504833233931,0.9992318248894986,0.9907354086602091,0.992838691408484,0.9999954960127032,0.9997542131632369,0.9831212865561494,0.9983874533801235,0.9992978908861815,0.9994699951354639,0.9995479265851835,0.9995121219821433,0.9995788973940201,0.9972774829775836
submission_star_power_champion_master_70_30.csv,0.997412581055259,0.9949349414877188,0.997565528191459,0.9975640474238523,0.9946160931073758,0.9940149070455948,0.9737351077181021,0.9981677406509644,0.9996128795559363,0.9997472537653231,0.9892812537187043,0.9997606432739485,0.999795140474661,0.9834632000062105,0.9985079590001185,0.9986193443834013,0.9989865861009531,0.9989995471620262,0.9977861745214779,0.9905922520105577,0.9924918867695358,0.9983743983702944,0.9922231728410442,0.9969647219754199,0.9990826268074176,0.9945280818856642,0.9992682005397451,0.9979396234427087,0.9182747781269247,0.9914381571469492,0.9886297175210587,0.9925190900649892,0.9926362248585755,0.9874375970635849,0.9990792500927159,0.99960245702928,0.987212852153016,0.9988771897674805,0.9993850019453104,0.9997338093835593,0.9915569245512599,0.9986345924219999,0.9985624975666412,0.9990289367794682,0.9991740285569931,0.9996435519626693,0.9800826675701042,0.9924681508455623,0.9950788251476567,0.9918224101742532,0.9950551580261573,0.9998185334591418,1.0,0.9884926234384288,0.999803346745725,0.9999948427429092,0.9889565131689633,0.9998777367846404,0.9999574890542939,0.9832948761924811,0.9999574890542939,0.9832948761924811,0.9999574888569956,0.9832948231572262,0.99988965382983,0.9999047135876067,0.9805752795656572,0.9822394914227571,0.995969652600124,0.9990563573987683,0.9994825692445903,0.9997757917169264,0.992918509302145,0.9907317851406914,0.9998480615997853,0.999989200634933,0.9863906330102403,0.9981677139009809,0.9984039236001818,0.9987132089646928,0.9989397952668744,0.9989122282466526,0.9990890243250438,0.9976018164973449
submission_star_power_champion_pure.csv,0.9967093115636869,0.9985474183199754,0.9965349673779025,0.9965351526921017,0.9717268062551514,0.9907809988899169,0.9931132768282314,0.984067442866009,0.9844308914665619,0.986955119618959,0.9955330743965575,0.9856326115183789,0.9886516774952898,0.9968194814212789,0.994378488611686,0.9793677350689087,0.9811179105317694,0.981088746650257,0.9876179870887771,0.9648098411018454,0.9780126427835477,0.9908266095075416,0.9903476231185816,0.9811548248959455,0.9813267890991592,0.9928586353962529,0.9825038564523991,0.9883030033020818,0.9554663821869899,0.9664092587716003,0.9575160056353996,0.9656885993608993,0.9689477794234614,0.9593125220440248,0.9936316981510426,0.9920750297835172,0.9985328111286516,0.9944315550019294,0.9931021169269475,0.9916623293443153,0.9996179042886546,0.9793156379288143,0.9790458065547076,0.9941115938575001,0.9937648121975018,0.992140535052562,0.9941767909789034,0.9722194308339214,0.9704152699297871,0.9681200160553027,0.9763016774250761,0.9854644280901412,0.9884926234384288,1.0,0.9853476353052384,0.9883331577171879,0.9999237866250748,0.9861209108171488,0.9893941244860439,0.9992097194195073,0.9893941244860439,0.9992097194195073,0.9893941410950619,0.9992097185482844,0.9863981570986362,0.9897560100004484,0.9982892399666716,0.9945037547969159,0.9784473296603116,0.9934205512702473,0.9923214393860541,0.9911282603320597,0.9976850205144768,0.9612624305639942,0.9857594254952844,0.988900106095243,0.9998120558160984,0.9840675678908953,0.9784943073508611,0.9798521196298701,0.9811256055315098,0.9811492239205573,0.9821772541702739,0.9876277844255891
submission_star_power_golden_quad.csv,0.9958443317527069,0.9927594653451416,0.9959958754960329,0.9959942003267286,0.9960064942332105,0.9926875284539348,0.96952262554942,0.9983485746145424,0.9998844609037075,0.9996941211528214,0.9867629031572169,0.9999248831586633,0.9995734014036626,0.9801730221467161,0.9973685556421731,0.9994356561229645,0.999610668924742,0.9996302669458087,0.9974255368211169,0.9924478535625796,0.9927494439441201,0.9976916798047925,0.9908397283318282,0.9973986392500482,0.9996991577350802,0.9930384611597557,0.9997469703075247,0.9975233800192219,0.9119590033707877,0.993177499887003,0.9910692771900317,0.9944038044351594,0.9941836372117364,0.9896283471093016,0.9980923023534938,0.9988864047830952,0.9841132129138754,0.9977611951710835,0.9985078257672828,0.9990893742172704,0.9888770744262485,0.9994670924266257,0.9994233722657176,0.9979696415123122,0.9981771937366418,0.9989211413212374,0.9766652267637604,0.9935102305848019,0.9966593190879978,0.9933977656264577,0.9959294286319949,0.9999978017689576,0.999803346745725,0.9853476353052384,1.0,0.9998246197118633,0.9859049546877422,0.9999787586747975,0.9996373706199688,0.9795822574947308,0.9996373706199688,0.9795822574947308,0.999637368256404,0.979582197767487,0.9999590813334167,0.9995352578226682,0.9766542816925549,0.9790405837909345,0.996646799051377,0.9980961199964755,0.9987203895130258,0.9992068228922769,0.9906662418769941,0.9929560335929482,0.9999941022435829,0.9997402158591157,0.983007951824337,0.9983485272793481,0.9993212116207937,0.9995008105022182,0.9995749766287637,0.9995411625017013,0.9996008353974467,0.9972468854467452
submission_star_power_master_70_30.csv,0.9973356685370861,0.9948261210721074,0.9974884501620821,0.9974869814883887,0.9947706898619514,0.9938014602096025,0.9734717471472022,0.9981259027072602,0.9996185272841385,0.9997286126786106,0.989075692911463,0.9997963890583096,0.999822447941147,0.9834278957101065,0.9984924273992792,0.9986558957110829,0.9990257855294965,0.9990376137839154,0.99771672095104,0.9908256097153011,0.9925575197984606,0.9983672422892477,0.9923037909612445,0.9971001623418956,0.9991128796190257,0.9943540290955165,0.9992875264828183,0.9978846757212813,0.9182003869020093,0.9916340077759469,0.9888401653306267,0.9926972836853474,0.9928066074521655,0.9877328879973624,0.9990394655529841,0.9995745426751448,0.9870806996547582,0.9988318683608863,0.9993501147707058,0.9997090904110708,0.9914434611790938,0.9986833281032035,0.9986127334519946,0.998982342613017,0.9991269590535866,0.999610857321994,0.980045666523259,0.9926016918935064,0.9952176725091414,0.9920377662432662,0.9951849620756007,0.9998330725249998,0.9999948427429092,0.9883331577171879,0.9998246197118633,1.0,0.9888364604207692,0.9998900429877271,0.9999487323863298,0.9831169265016624,0.9999487323863298,0.9831169265016624,0.9999487323231688,0.9831168740258015,0.999905482654109,0.9999013386035613,0.9804178551307312,0.9821821721680708,0.9960278528285252,0.9990207679432644,0.9994548737476232,0.9997557966732156,0.9928316496785513,0.9909283179609201,0.9998638553099282,0.9999858993341969,0.9862365773731914,0.9981258779164655,0.9984571420536664,0.9987780085334661,0.9989989141914346,0.998974404028626,0.999140377736189,0.9975730694156761
submission_star_power_pure.csv,0.9969228914668787,0.9986522102956266,0.9967502375908155,0.996750471177856,0.9727700213581412,0.9904552630364148,0.992653650706305,0.9843721430731928,0.984925701642718,0.9873631680935141,0.9952619547976711,0.9862468230432833,0.9892420313700071,0.9972260759425065,0.994823129692541,0.9799694801777907,0.9817342121055003,0.9817005447409256,0.9878279020139288,0.9661444394178391,0.9787368188116743,0.991292505581719,0.9911676071473752,0.9821481327664261,0.981908846543427,0.9926897742989363,0.9830467059341453,0.988570434362689,0.9557555696600107,0.9676012156075366,0.9587500346521295,0.9668124034922443,0.9700458620984785,0.9608788466163073,0.9939789565542928,0.9924623691317371,0.9985614403668464,0.994760243139823,0.9934660330366532,0.9920605049774588,0.9997124668672587,0.9799642913679222,0.9796996323436482,0.9944340977678335,0.9940841029444124,0.9925095093677767,0.9945842409430967,0.9731893235628195,0.9713946755474809,0.9693917984242356,0.9772593179758731,0.9859960250931309,0.9889565131689633,0.9999237866250748,0.9859049546877422,0.9888364604207692,1.0,0.9866456680980605,0.9898468611096807,0.9990742736207988,0.9898468611096807,0.9990742736207988,0.9898468782642419,0.9990742749358507,0.9869373222627217,0.9902307488693978,0.9982365451858426,0.9948238456661717,0.9791314064283205,0.9937834931371611,0.9927106538748923,0.9915430444872825,0.9978700848920661,0.9624485340035168,0.9862966688639049,0.9893723952477098,0.9997626564991221,0.9843722763640584,0.9791584090124649,0.9805642443030882,0.981819046904422,0.9818546264250706,0.9828434259382199,0.9879963654803811
submission_step1_golden_blend.csv,0.996243847325712,0.9933034898992833,0.9963961497427015,0.9963945569321827,0.9956566165189,0.993143983649253,0.970929360229361,0.998349700790286,0.999851937100236,0.9997417045045599,0.9874104495468294,0.9998799605801444,0.9996028600144357,0.9807819920396332,0.997629780701806,0.9992826388460725,0.9994960683858354,0.999513876414137,0.9975693140262984,0.9919023320643757,0.9926017787478489,0.9980263429630398,0.991185346583851,0.9973029057531315,0.9995830787792073,0.9934912281777921,0.9996656846902436,0.9976643757888762,0.913498878356075,0.992626046418978,0.9904708267200305,0.9939556608059981,0.9937044271599074,0.9890049547824259,0.9983214292318494,0.9990624987387969,0.9847546003427451,0.9980434499117242,0.9987360897082483,0.9992650169357551,0.989511981678671,0.9992971224654648,0.9992458668084896,0.9982518173095966,0.9984415249206132,0.9991203368959926,0.9777067928093592,0.9931865410908463,0.9962916051301849,0.992917631686536,0.9956822825028949,0.9999824437601792,0.9998777367846404,0.9861209108171488,0.9999787586747975,0.9998900429877271,0.9866456680980605,1.0,0.999768782653651,0.9805991294542151,0.999768782653651,0.9805991294542151,0.9997687797023078,0.9805990671455717,0.9999754743629607,0.9996594004046958,0.9776459374726721,0.9800570078843059,0.996479494668757,0.9983073018245475,0.9988960975316064,0.9993479203994824,0.9911076451528026,0.9924191727771804,0.9999934850574291,0.9998375480990523,0.9838785115302126,0.9983496548835333,0.9991287236428564,0.9993365391535379,0.9994342231229532,0.9993999785335138,0.9994882754649885,0.9973439358080834
submission_step1_master_70_30.csv,0.9978088363375475,0.9955263853876685,0.9979627707445584,0.9979614305473825,0.9940705899729407,0.9943597386704331,0.9755165098213018,0.9979729306572891,0.9994132497227926,0.9996488480711623,0.9899379398122096,0.9995731045034487,0.9997164933772321,0.9842391214218029,0.9987499045886369,0.9982614614155358,0.998691894826911,0.9987009079801038,0.9977871826883011,0.9898222724618382,0.9921768808210878,0.9987341149650226,0.9926946493100216,0.9967978311399737,0.998776691556117,0.9949081413105013,0.9990058048804232,0.997951387823842,0.9204763816149163,0.9906220469765586,0.9877509734060274,0.9918427112215655,0.9919068508882554,0.9866081475399288,0.9992461164115041,0.9996975338103484,0.9879389420524656,0.9991212068659594,0.9995545648752656,0.9998308280007119,0.9922879112858969,0.9982627937839309,0.9981804125685548,0.9992710798662501,0.9993877426269626,0.9997693734093249,0.9815235042418766,0.991944766872964,0.9944884593711704,0.991136841241444,0.994646617338578,0.9996549514995476,0.9999574890542939,0.9893941244860439,0.9996373706199688,0.9999487323863298,0.9898468611096807,0.999768782653651,1.0,0.9845575424664669,1.0,0.9845575424664669,0.9999999990512283,0.9845574860869403,0.9997770425600149,0.9999418680911031,0.9818219193020589,0.9836191453102116,0.9956131224430989,0.9991996542428049,0.9995776550626895,0.9998238573763519,0.9933752204934951,0.9899350853996748,0.9997086648834577,0.9999842469945794,0.9874493527464742,0.9979729082441875,0.9980013887786218,0.998366701544056,0.998624887673962,0.9985997927586339,0.9988105873242031,0.9975719877729666
submission_step1_pure_calib.csv,0.9935526268825434,0.9962922209718496,0.9933729723718425,0.9933737581205375,0.9642515390096176,0.9873595779016453,0.9960946057691988,0.978186034293716,0.9785138922156986,0.9815029930826794,0.9936260426399737,0.9797919006735979,0.9833230802017771,0.9956034368884495,0.9905142135322639,0.9727182545459231,0.974754340345942,0.9747083853354052,0.9826243917056261,0.9563870647110162,0.9716947071274428,0.9873352558694609,0.9874797914884704,0.9753613278974699,0.9749216321707644,0.9896165657682324,0.9762970392618081,0.9833652471641026,0.9608302919952535,0.9578213229665099,0.9485312011487165,0.9576016593288346,0.960732264571392,0.9506065540506679,0.9894322047426906,0.9875322266797651,0.9970473971227448,0.9905646217720891,0.9888882918454858,0.9871112407408658,0.9980453999233226,0.972609466638005,0.97229393065916,0.990223381124441,0.989750244511745,0.9877191710557641,0.9956452481556343,0.9649191731719241,0.9627156100964914,0.9600824111327227,0.9694751485662503,0.9797112604564574,0.9832948761924811,0.9992097194195073,0.9795822574947308,0.9831169265016624,0.9990742736207988,0.9805991294542151,0.9845575424664669,1.0,0.9845575424664669,1.0,0.9845575565422905,0.9999999832204828,0.9808694330187534,0.9849103250246004,0.9990749325145147,0.995659597249817,0.9718576597824867,0.989123254556652,0.987789599764981,0.9863682827075269,0.9949256443455976,0.9526365785159369,0.980108709454628,0.9838618925508364,0.9997092521512069,0.97818617607704,0.9716516452617774,0.9732579167231793,0.9746843091806608,0.974719242555438,0.9759041569693054,0.9825189437860424
submission_step2_master_70_30.csv,0.9978088363375475,0.9955263853876685,0.9979627707445584,0.9979614305473825,0.9940705899729407,0.9943597386704331,0.9755165098213018,0.9979729306572891,0.9994132497227926,0.9996488480711623,0.9899379398122096,0.9995731045034487,0.9997164933772321,0.9842391214218029,0.9987499045886369,0.9982614614155358,0.998691894826911,0.9987009079801038,0.9977871826883011,0.9898222724618382,0.9921768808210878,0.9987341149650226,0.9926946493100216,0.9967978311399737,0.998776691556117,0.9949081413105013,0.9990058048804232,0.997951387823842,0.9204763816149163,0.9906220469765586,0.9877509734060274,0.9918427112215655,0.9919068508882554,0.9866081475399288,0.9992461164115041,0.9996975338103484,0.9879389420524656,0.9991212068659594,0.9995545648752656,0.9998308280007119,0.9922879112858969,0.9982627937839309,0.9981804125685548,0.9992710798662501,0.9993877426269626,0.9997693734093249,0.9815235042418766,0.991944766872964,0.9944884593711704,0.991136841241444,0.994646617338578,0.9996549514995476,0.9999574890542939,0.9893941244860439,0.9996373706199688,0.9999487323863298,0.9898468611096807,0.999768782653651,1.0,0.9845575424664669,1.0,0.9845575424664669,0.9999999990512283,0.9845574860869403,0.9997770425600149,0.9999418680911031,0.9818219193020589,0.9836191453102116,0.9956131224430989,0.9991996542428049,0.9995776550626895,0.9998238573763519,0.9933752204934951,0.9899350853996748,0.9997086648834577,0.9999842469945794,0.9874493527464742,0.9979729082441875,0.9980013887786218,0.998366701544056,0.998624887673962,0.9985997927586339,0.9988105873242031,0.9975719877729666
submission_step2_pure_jedidi.csv,0.9935526268825434,0.9962922209718496,0.9933729723718425,0.9933737581205375,0.9642515390096176,0.9873595779016453,0.9960946057691988,0.978186034293716,0.9785138922156986,0.9815029930826794,0.9936260426399737,0.9797919006735979,0.9833230802017771,0.9956034368884495,0.9905142135322639,0.9727182545459231,0.974754340345942,0.9747083853354052,0.9826243917056261,0.9563870647110162,0.9716947071274428,0.9873352558694609,0.9874797914884704,0.9753613278974699,0.9749216321707644,0.9896165657682324,0.9762970392618081,0.9833652471641026,0.9608302919952535,0.9578213229665099,0.9485312011487165,0.9576016593288346,0.960732264571392,0.9506065540506679,0.9894322047426906,0.9875322266797651,0.9970473971227448,0.9905646217720891,0.9888882918454858,0.9871112407408658,0.9980453999233226,0.972609466638005,0.97229393065916,0.990223381124441,0.989750244511745,0.9877191710557641,0.9956452481556343,0.9649191731719241,0.9627156100964914,0.9600824111327227,0.9694751485662503,0.9797112604564574,0.9832948761924811,0.9992097194195073,0.9795822574947308,0.9831169265016624,0.9990742736207988,0.9805991294542151,0.9845575424664669,1.0,0.9845575424664669,1.0,0.9845575565422905,0.9999999832204828,0.9808694330187534,0.9849103250246004,0.9990749325145147,0.995659597249817,0.9718576597824867,0.989123254556652,0.987789599764981,0.9863682827075269,0.9949256443455976,0.9526365785159369,0.980108709454628,0.9838618925508364,0.9997092521512069,0.97818617607704,0.9716516452617774,0.9732579167231793,0.9746843091806608,0.974719242555438,0.9759041569693054,0.9825189437860424
submission_step3_master_70_30.csv,0.9978088447809443,0.995526395672257,0.9979627778187181,0.9979614389853912,0.9940705798233807,0.9943597628213355,0.9755165370948439,0.9979729288619197,0.9994132464339414,0.999648846576908,0.9899379586062484,0.999573102531194,0.999716493926056,0.9842391414920232,0.9987499103306684,0.9982614565610823,0.9986918936561279,0.9987009063917478,0.9977871941054174,0.9898222771655483,0.9921768668619622,0.9987341191021241,0.9926946625347672,0.9967978299681036,0.9987766882259227,0.9949081650234954,0.9990058032727857,0.9979513999999515,0.9204764387330617,0.9906220515377807,0.9877509609026656,0.9918426985381376,0.9919068550107177,0.9866081468251945,0.9992461197556459,0.9996975359403871,0.9879389562636262,0.9991212117114106,0.9995545684104841,0.9998308302592119,0.9922879258966504,0.9982627881401117,0.9981804063542209,0.9992710843996935,0.9993877466667554,0.9997693759957682,0.9815235279141445,0.9919447489548137,0.9944884483636846,0.9911368471201635,0.9946466098399698,0.9996549490493986,0.9999574888569956,0.9893941410950619,0.999637368256404,0.9999487323231688,0.9898468782642419,0.9997687797023078,0.9999999990512283,0.9845575565422905,0.9999999990512283,0.9845575565422905,1.0,0.9845575076238152,0.9997770409954618,0.9999418692793696,0.981821941970422,0.9836191715989275,0.9956131329510648,0.9991996590684182,0.9995776585851908,0.9998238596277853,0.9933752351291054,0.9899350727820135,0.9997086626695705,0.9999842471679784,0.9874493709567277,0.9979729149470101,0.9980013814298665,0.998366695597945,0.9986248862427465,0.9985997917600908,0.9988105874134533,0.9975719995815195
submission_step3_pure_hazard.csv,0.9935526010570765,0.9962921992982261,0.9933729410361556,0.9933737320996947,0.9642514514853341,0.9873596293509194,0.9960946442122991,0.9781859737867952,0.9785138313997157,0.9815029388900565,0.9936260622454469,0.9797918425732238,0.9833230302663561,0.9956034504837837,0.9905141798171029,0.9727181884689751,0.9747542893160372,0.9747083325509979,0.9826243884787981,0.9563870480902948,0.9716945911679655,0.9873352170651835,0.9874797917350527,0.9753612756988389,0.9749215718759218,0.9896166141898666,0.9762969856556801,0.9833652469546973,0.9608304592131623,0.957821304758865,0.948531112909248,0.9576015655912326,0.9607322427748306,0.9506065146577215,0.9894321611882156,0.9875321798639715,0.9970473856204436,0.9905645834651103,0.9888882497003919,0.987111194863508,0.9980453921805316,0.9726093975165756,0.9722938592404318,0.9902233425141311,0.9897502040896974,0.9877191262975468,0.9956452795613733,0.9649190462174837,0.9627155218993212,0.9600823975111635,0.9694750676521134,0.9797112003665919,0.9832948231572262,0.9992097185482844,0.979582197767487,0.9831168740258015,0.9990742749358507,0.9805990671455717,0.9845574860869403,0.9999999832204828,0.9845574860869403,0.9999999832204828,0.9845575076238152,1.0,0.9808693761881392,0.9849102770867365,0.9990749540230789,0.9956596436364609,0.9718576613518628,0.9891232175426105,0.9877895585850107,0.9863682374705611,0.9949256405162802,0.9526364879182438,0.9801086501601656,0.9838618407646604,0.9997092566712722,0.9781861539032191,0.9716515692756951,0.9732578460188144,0.9746842572697154,0.9747191924823871,0.9759041109805255,0.9825189430770734
submission_swa_resnet_golden_quad.csv,0.9963791386948553,0.9934937641285227,0.9965318130365352,0.9965301948261053,0.9955727166689049,0.9930887468105778,0.9710261746887783,0.9982765438138994,0.9998375075440359,0.999764938650898,0.987720782208572,0.9999311158770134,0.9997272540993055,0.981502114597295,0.9978721826004195,0.99918620734208,0.9994353820056524,0.9994512581934579,0.9975449027795885,0.991823816791533,0.9927211717227392,0.9980031519240095,0.9915054434627508,0.9973848168636037,0.9995232812831589,0.9935208445602461,0.9996191093698239,0.9977032475675484,0.9144560657717896,0.9925612242493743,0.9903523174714465,0.9938462815284125,0.9936183660185207,0.9889036987990344,0.9984588427206146,0.9991568908108459,0.9852274953219919,0.9981475077558045,0.9988162103411483,0.9993218106451578,0.9897724247352375,0.9992163020887829,0.9991624869310607,0.9983609497365198,0.9985255576120093,0.9991796362731372,0.9779798353851303,0.9932072230203762,0.9961887530541519,0.9928734030264931,0.995625008054325,0.9999604827372416,0.99988965382983,0.9863981570986362,0.9999590813334167,0.999905482654109,0.9869373222627217,0.9999754743629607,0.9997770425600149,0.9808694330187534,0.9997770425600149,0.9808694330187534,0.9997770409954618,0.9808693761881392,1.0,0.9997431756887456,0.9782150509701099,0.9802662750251961,0.9964271445949641,0.9984509539668462,0.9990055763671409,0.9994240648965224,0.9914741847381529,0.9923035429359051,0.9999763063487004,0.9998569258607053,0.984187870737797,0.9982765075268213,0.9990402551655297,0.999282199679257,0.9994023210550007,0.9993728171484912,0.9994687764513771,0.9973794841214235
submission_swa_resnet_master_70_30.csv,0.9979486760269375,0.9957521529309854,0.9981031745437663,0.9981017958230805,0.9938678395293815,0.9942061008561857,0.9756041843289216,0.9977886035461714,0.9993190506835017,0.9996131935153512,0.9903493428356839,0.999580022293453,0.9998368227027165,0.9852829944362443,0.999053648174152,0.9980401506511166,0.9985259315124346,0.9985319563964897,0.997678925462945,0.9896272192684383,0.9922890852663369,0.998628548629393,0.9931190448757142,0.9968519026613551,0.998612085613411,0.9948853584370226,0.9988617862169785,0.9979405933812886,0.9218958144662673,0.9904481381150063,0.9874933929977237,0.9915999759097,0.9917005492889512,0.98637777088224,0.9993879663739728,0.9997726494699009,0.9886017434146056,0.9992120291348972,0.9996080665442961,0.9998479709912931,0.9926228471611971,0.9980654743139556,0.997979105623333,0.9993695926080793,0.9994475040100048,0.9997905250331226,0.9818804615826128,0.9919036683409728,0.994256133823626,0.9909949768161919,0.99448577451237,0.9995493493934187,0.9999047135876067,0.9897560100004484,0.9995352578226682,0.9999013386035613,0.9902307488693978,0.9996594004046958,0.9999418680911031,0.9849103250246004,0.9999418680911031,0.9849103250246004,0.9999418692793696,0.9849102770867365,0.9997431756887456,1.0,0.9826349560992212,0.9838773877874031,0.995460090596249,0.9993510464497318,0.99967607135605,0.999870607064326,0.9938723757682257,0.989682202956174,0.999610492484118,0.9999430670860107,0.98786131247306,0.997788595975117,0.9977921553334108,0.9982102270179745,0.9985031995854575,0.9984854156467171,0.9987082027988,0.997556001719102
submission_swa_resnet_pure.csv,0.9916680537480257,0.9947570625187395,0.991472131621358,0.9914727897683524,0.960906662811493,0.984338805002733,0.9941661249784806,0.974963276341664,0.9756134961028754,0.9788444629606692,0.9929032926026498,0.9772950899659772,0.981287674554837,0.9974140867527715,0.9892394968465117,0.9692998794157947,0.9715596992502878,0.971501738774934,0.9797377150238206,0.9530919647133805,0.9696320739840456,0.9844406911104951,0.9867071225219313,0.973049634619111,0.9717326751971106,0.9871184573625981,0.9731935025430835,0.9808678475365538,0.9643827966019477,0.9546118712610591,0.944936475291964,0.954077434890363,0.9573965552252958,0.947167163964017,0.9875114656434719,0.9853370511655118,0.9973295119124523,0.9884484176242997,0.9866147281413292,0.9846847379761023,0.9969941568187203,0.9692852057340186,0.9689531895865594,0.9881348450600376,0.9875061361086436,0.985311464635888,0.9947386088328509,0.9622235903281001,0.95923651277278,0.9570050694527932,0.9663225059727721,0.9767699550845091,0.9805752795656572,0.9982892399666716,0.9766542816925549,0.9804178551307312,0.9982365451858426,0.9776459374726721,0.9818219193020589,0.9990749325145147,0.9818219193020589,0.9990749325145147,0.981821941970422,0.9990749540230789,0.9782150509701099,0.9826349560992212,1.0,0.9943547917509731,0.9687594151205757,0.9872389748419839,0.9856881240304244,0.9840552856509819,0.9944966376058354,0.9490635245704134,0.9771980361712282,0.9811902594518221,0.9990019153521538,0.9749634836439298,0.9682781822967663,0.9700968190296123,0.9716643518260353,0.9717283887707991,0.9729641893319803,0.9799945776842833
submission_trio_bayes_master.csv,0.9907677321419526,0.9927837234343097,0.9906146277585952,0.9906161047863007,0.96627078372776,0.98474963938238,0.9945759556011268,0.9765227050600355,0.9782084270927401,0.9809322288993853,0.9913236330818835,0.9792470825532441,0.9823817403064269,0.9913151627229155,0.9886227608290516,0.9728853754440137,0.9751553666100513,0.975045713729251,0.9814729956793401,0.9584096198127856,0.9695717693965781,0.9882270299938641,0.9890550840497216,0.9775228767084202,0.9748338473106319,0.9867524407290256,0.9760634469693648,0.9821437982966312,0.9608933164713274,0.9590142494157643,0.9519494303537289,0.9602145067939446,0.9617494124731708,0.9543553805362315,0.9870567953827535,0.9856091417230034,0.9911568375240071,0.9883001947274177,0.9869377670131794,0.98546674636059,0.9937311038529749,0.9728331499780856,0.972501618643783,0.9881795557429965,0.9877018969557146,0.9860112113709322,0.999141752104091,0.964454172899446,0.9645606107276459,0.961830772516128,0.9708739793745434,0.9790907404548855,0.9822394914227571,0.9945037547969159,0.9790405837909345,0.9821821721680708,0.9948238456661717,0.9800570078843059,0.9836191453102116,0.995659597249817,0.9836191453102116,0.995659597249817,0.9836191715989275,0.9956596436364609,0.9802662750251961,0.9838773877874031,0.9943547917509731,1.0,0.9721277205735569,0.9868990346089986,0.9858684142367385,0.9847428083305099,0.9907325408953456,0.9557937641243978,0.9795269275568266,0.9828644800683799,0.995187487730363,0.9765229995945748,0.9718275214312598,0.9737342529861681,0.9750509943677604,0.9751524164174951,0.9761343142564822,0.9814281936704038
submission_triple_ensemble.csv,0.9906638134604223,0.9865451296094636,0.990506498818922,0.9905060834276402,0.9974054958537443,0.9910132770000342,0.9604041623538122,0.9936813830469327,0.9965049521452594,0.9958599043712068,0.9814261738557646,0.9965635024042938,0.9957624600529741,0.9733866941295262,0.9924150898622224,0.9968471889119527,0.9968259678035492,0.9968051961783145,0.9926406547546969,0.9965056099390366,0.9906449832899128,0.9944656774193787,0.9858426945688672,0.9957861703160198,0.9965397429942878,0.9913190205572076,0.9962578176630585,0.9927572807571601,0.8991374352669904,0.9966418598989888,0.9915044510235951,0.9955132350109555,0.9974318845123102,0.9931135148488397,0.9934456977792595,0.9945176942601638,0.9778671669446095,0.9929088140047413,0.9939192888436589,0.994758495352235,0.9827707363592978,0.996885910819665,0.9968765613028118,0.993082505555775,0.993376439419914,0.9944513729588941,0.9690649841588327,0.9932414103335713,0.9966363467841476,0.9973698745851244,0.9976269092290995,0.9966202965118148,0.995969652600124,0.9784473296603116,0.996646799051377,0.9960278528285252,0.9791314064283205,0.996479494668757,0.9956131224430989,0.9718576597824867,0.9956131224430989,0.9718576597824867,0.9956131329510648,0.9718576613518628,0.9964271445949641,0.995460090596249,0.9687594151205757,0.9721277205735569,1.0,0.9933572334589341,0.9942156376790733,0.9949309173161759,0.9848728075168222,0.9937263110154527,0.9965796454002306,0.9958483946009722,0.9758478354323851,0.9936814815632596,0.9968427895210578,0.9970603795514063,0.9966316318041561,0.996627484695276,0.9963139963073874,0.9922159398844926
submission_tuned_cnn_xgboost_pb_60_40.csv,0.9991971679158466,0.997927858296173,0.9993518129843659,0.9993506389464967,0.990716652341126,0.994666980518473,0.979756153800574,0.9963639365326896,0.9977481156406466,0.9985271909836803,0.9930017352324436,0.9982523120770279,0.9991301820144656,0.9895780090683515,0.999679312382833,0.995616801560932,0.9963811378056839,0.9963817290603911,0.9969720995190842,0.9860743429995198,0.9913975904146682,0.9980601212064708,0.994112403370003,0.995081922349806,0.9965141399479182,0.9956485763506775,0.9969630776837506,0.9973626970818437,0.930467976175121,0.9871743489407563,0.9827582084782952,0.9876332025858343,0.9886146909644269,0.9822187247211108,0.9998767627020141,0.9998028543201861,0.992680168917023,0.9998016616077064,0.9998239011682986,0.9996996889278199,0.9956676457666055,0.9956489462519675,0.9955251572515738,0.9998158812312293,0.9998205917051145,0.9997445017542037,0.9853792317846276,0.9897348487693987,0.9907408775006388,0.9879241595968842,0.9921876702049824,0.9981314320933182,0.9990563573987683,0.9934205512702473,0.9980961199964755,0.9990207679432644,0.9937834931371611,0.9983073018245475,0.9991996542428049,0.989123254556652,0.9991996542428049,0.989123254556652,0.9991996590684182,0.9891232175426105,0.9984509539668462,0.9993510464497318,0.9872389748419839,0.9868990346089986,0.9933572334589341,1.0,0.9999364303956808,0.9997520322732573,0.9970653025633942,0.9852459292217146,0.9982194549470401,0.9991380478195057,0.9917488617689364,0.9963639515453221,0.9952638296233615,0.9958820590551065,0.9964265400962764,0.9964209369150948,0.996821611256684,0.996997083182377
submission_tuned_cnn_xgboost_pb_70_30.csv,0.9989151375741824,0.9973319066628478,0.9990693699011046,0.9990681160210144,0.991908697490441,0.9946781368836936,0.9783707818468591,0.9970129639899947,0.9984132197932987,0.9990250674758514,0.9922160090060475,0.9988249752308516,0.9994840588716732,0.9881700773301014,0.9995565692686256,0.9965768945584509,0.9972382809013172,0.9972420835527965,0.9973642965983107,0.98742610474859,0.9918615236924541,0.9983227645939815,0.993802284378973,0.9957512250354918,0.9973617117199626,0.9955383053698698,0.9977423597316362,0.9976933995476618,0.9274713285589405,0.9884603438659134,0.9844607728335181,0.989080776944509,0.9898380510463937,0.983751762090971,0.9998511071246597,0.9999322007099503,0.9914408935274823,0.9997430328891131,0.9998913345817799,0.9998898990741394,0.9947810941580821,0.9966046585898368,0.9964942673002037,0.9997929581782646,0.9998341134894174,0.9998996548350665,0.9841829605298336,0.990623977932521,0.9920467665430678,0.9891153891877853,0.9931120798981324,0.9987504833233931,0.9994825692445903,0.9923214393860541,0.9987203895130258,0.9994548737476232,0.9927106538748923,0.9988960975316064,0.9995776550626895,0.987789599764981,0.9995776550626895,0.987789599764981,0.9995776585851908,0.9877895585850107,0.9990055763671409,0.99967607135605,0.9856881240304244,0.9858684142367385,0.9942156376790733,0.9999364303956808,1.0,0.9999395621227402,0.996169639940052,0.9868488265781191,0.9988233365023359,0.9995402634796995,0.9905377374544555,0.9970129681634662,0.9962595678452578,0.9967977053554199,0.9972597574386902,0.997248451272552,0.997591077913075,0.9973349382059921
submission_tuned_cnn_xgboost_pb_80_20.csv,0.9985178527196712,0.9966287243488985,0.99867166371842,0.9986703321411027,0.9929495786077116,0.9945672446018151,0.976900190656819,0.9975237468090108,0.9989395068912806,0.9993882231008526,0.9913284118668111,0.9992610766401249,0.9997067503949467,0.9866762894067269,0.999314520080203,0.997391037521782,0.9979519608318957,0.9979588943140687,0.997624612043334,0.9886232674873887,0.9921924597092973,0.9984566404144943,0.9933782374038467,0.9962819318307212,0.9980660439499134,0.9953089091510803,0.9983800589603565,0.997893713924778,0.9244358823023119,0.989593253562226,0.9860003512743652,0.9903711599101633,0.9909097195132051,0.9851261287870193,0.9997036878006147,0.9999359072748382,0.9901111548071196,0.9995634760900187,0.9998346774433255,0.9999529564745286,0.9937948724603058,0.99741452675962,0.9973172125215182,0.9996482103410762,0.9997248964225466,0.9999285283896383,0.9828960418395288,0.9913696558506935,0.9931986350891812,0.990155817050876,0.9938918537603993,0.9992318248894986,0.9997757917169264,0.9911282603320597,0.9992068228922769,0.9997557966732156,0.9915430444872825,0.9993479203994824,0.9998238573763519,0.9863682827075269,0.9998238573763519,0.9863682827075269,0.9998238596277853,0.9863682374705611,0.9994240648965224,0.999870607064326,0.9840552856509819,0.9847428083305099,0.9949309173161759,0.9997520322732573,0.9999395621227402,1.0,0.9951743644913893,0.9882909316232052,0.9992898778459252,0.9998100812303512,0.9892355582144606,0.997523740413199,0.9971085057965695,0.9975684832053702,0.9979501057571163,0.9979332402373411,0.998219225091829,0.9975422706211146
submission_tuned_cnn_xgboost_pure.csv,0.9980054117820879,0.9984814513508004,0.9978494555714793,0.9978489604270236,0.9797901888090624,0.9917659363166598,0.9859573846310614,0.9892356037366137,0.990045694781332,0.9919124899697318,0.9954471848923466,0.9911594546197103,0.9934654546864243,0.9959055722975557,0.9971294634587917,0.9859972580486905,0.9874277567443659,0.987407809098917,0.9916484318838259,0.9743647647232033,0.9850874795819352,0.9931798989623464,0.9927879060535282,0.9873620942684956,0.9876253985330894,0.993546986119111,0.9885176841368409,0.9924467762770867,0.94735176834219,0.9758905954770938,0.9683276016156248,0.9748591774286836,0.9777180340063588,0.9692975166457396,0.9966952219316829,0.9956065301306369,0.9979042851289521,0.9968350795391302,0.9960320425777215,0.9951045507844258,0.9985279417994923,0.9860581849492412,0.9858478009706451,0.9966133740460827,0.996380268185208,0.9953777893174368,0.990213488931753,0.9806413305554844,0.9788815380700556,0.9772689060646665,0.983200337832191,0.9907354086602091,0.992918509302145,0.9976850205144768,0.9906662418769941,0.9928316496785513,0.9978700848920661,0.9911076451528026,0.9933752204934951,0.9949256443455976,0.9933752204934951,0.9949256443455976,0.9933752351291054,0.9949256405162802,0.9914741847381529,0.9938723757682257,0.9944966376058354,0.9907325408953456,0.9848728075168222,0.9970653025633942,0.996169639940052,0.9951743644913893,1.0,0.9714609405062482,0.990922054498404,0.9931564137677471,0.9967451824123167,0.989235699117891,0.9854144163591256,0.9865530393746051,0.9876295699658141,0.987660782292421,0.9884386448094011,0.9920138627504862
submission_ultimate_gacor.csv,0.9797618101669382,0.9735891672346465,0.9799086321515297,0.9799056035009,0.9975217427688153,0.9772917687374649,0.9386084704674634,0.9888916138500481,0.9930176057145849,0.9910808097725238,0.9648252544509057,0.9928433140434753,0.9906116781357696,0.9563079626081281,0.9837754559354126,0.9955861395603539,0.9950080957636682,0.9949795305099708,0.9857074170259784,0.9966537063157392,0.986771604070168,0.9872179780029287,0.9784945495703852,0.9944237905642215,0.9944841574451508,0.9768654844534147,0.9936833906980804,0.9857124179840991,0.8745109070642394,0.996440786952094,0.9995608522856109,0.9989523552653341,0.9963459766283211,0.995595239148613,0.9851310192093379,0.9872567503766481,0.9608317953426185,0.9840392926646779,0.9859922026795461,0.9877505129691752,0.9672895339165332,0.9956799705611651,0.9957578460946466,0.9845213867909272,0.985012125073271,0.9871584487407826,0.9524974974810316,0.9927661405758825,0.998693140710519,0.996249824037978,0.9942897719567655,0.992838691408484,0.9907317851406914,0.9612624305639942,0.9929560335929482,0.9909283179609201,0.9624485340035168,0.9924191727771804,0.9899350853996748,0.9526365785159369,0.9899350853996748,0.9526365785159369,0.9899350727820135,0.9526364879182438,0.9923035429359051,0.989682202956174,0.9490635245704134,0.9557937641243978,0.9937263110154527,0.9852459292217146,0.9868488265781191,0.9882909316232052,0.9714609405062482,1.0,0.9926936797903517,0.9904454462575772,0.9578961265616591,0.9888914711593546,0.9958975486577978,0.9958731370093019,0.994915156300474,0.9949288040195218,0.9941379151196947,0.9854900433157808
submission_upgrade1_champion_golden_quad.csv,0.9960598243610639,0.9930508140754305,0.9962117382231643,0.9962100887459199,0.9958408803884257,0.9929500544768171,0.9701968201567849,0.9983448425935474,0.9998754729582984,0.9997283281132253,0.9871227153079436,0.9999137834480685,0.9996048584206667,0.9805388425082288,0.9975242694344718,0.999360892866702,0.9995548804452553,0.9995734325916681,0.9974932796813971,0.9921824484638421,0.9926886435238794,0.9978517631847508,0.9910300335333216,0.9973634799793164,0.9996425727668996,0.9933071473856045,0.9997078379474514,0.9975958717001551,0.9127587555111168,0.9929208926527823,0.9907716028854334,0.994188502887709,0.9939607441377256,0.989313321392729,0.9982275790645775,0.998990643493329,0.9844899612781058,0.9979156776624827,0.9986337983746089,0.9991875593534701,0.9892178283270495,0.9993834562844194,0.9993359666486507,0.9981250028843355,0.9983216652304568,0.999031404798581,0.9771632741414747,0.9933603246859548,0.9964818929523881,0.9931680129401993,0.9958157407645549,0.9999954960127032,0.9998480615997853,0.9857594254952844,0.9999941022435829,0.9998638553099282,0.9862966688639049,0.9999934850574291,0.9997086648834577,0.980108709454628,0.9997086648834577,0.980108709454628,0.9997086626695705,0.9801086501601656,0.9999763063487004,0.999610492484118,0.9771980361712282,0.9795269275568266,0.9965796454002306,0.9982194549470401,0.9988233365023359,0.9992898778459252,0.990922054498404,0.9926936797903517,1.0,0.9997976878174638,0.9834735750796125,0.9983447975961603,0.9992263112888602,0.9994219758622729,0.9995034426965957,0.9994693345334145,0.9995423888063958,0.9972863405715755
submission_upgrade1_champion_master_70_30.csv,0.9975962106526168,0.9952049903600071,0.997749552626313,0.9977481241101458,0.9944383669443178,0.9941333445930254,0.9744454417548112,0.998044810361733,0.9995291275158993,0.9997063965565103,0.9895608101232974,0.9997041412573308,0.9997966387253532,0.9839254462438112,0.9986600368892915,0.9984640843484318,0.9988636488944348,0.9988738478852687,0.9977468916106514,0.9903392621030342,0.9923893371284538,0.998540241495836,0.9925259671362414,0.9969706826324777,0.998949509753953,0.994695924594411,0.9991513080994974,0.9979223305952671,0.9193777291497901,0.9911613371632345,0.9883026380651441,0.9922874538424796,0.9923860918541164,0.9871697972515029,0.9991751408709743,0.9996617690316715,0.9875939003588555,0.9989974049920475,0.9994711749612039,0.9997868121607738,0.9918998979467226,0.9984778832529546,0.9984014283288654,0.9991490454591724,0.9992767492096615,0.9997073334479519,0.980746805893774,0.9922946110700464,0.9948665754496834,0.9916068293162854,0.9949337669698884,0.9997542131632369,0.999989200634933,0.988900106095243,0.9997402158591157,0.9999858993341969,0.9893723952477098,0.9998375480990523,0.9999842469945794,0.9838618925508364,0.9999842469945794,0.9838618925508364,0.9999842471679784,0.9838618407646604,0.9998569258607053,0.9999430670860107,0.9811902594518221,0.9828644800683799,0.9958483946009722,0.9991380478195057,0.9995402634796995,0.9998100812303512,0.9931564137677471,0.9904454462575772,0.9997976878174638,1.0,0.986887034124436,0.9980447892279531,0.9982341863034535,0.9985801071682274,0.998812636928832,0.9987877048010054,0.9989745206644346,0.9975599336813328
submission_upgrade1_champion_pure.csv,0.9954936423523932,0.9977245099301123,0.995318057611669,0.9953184640449318,0.9688494005397951,0.9892842194916048,0.9942308547925487,0.9814898904467604,0.9820030716753853,0.9847219674501266,0.9947822978102632,0.9833226471417658,0.986602188558466,0.9968751164027355,0.9929992742959247,0.9766158816499306,0.9785073927843584,0.9784669565850455,0.9854155527502241,0.9616113354392329,0.9755331681349715,0.9894620905336136,0.9895935297803052,0.979073542480167,0.978677759104411,0.991570717867636,0.9799292397685745,0.9861920501246252,0.9584116501373403,0.9631248425854108,0.9539761160867942,0.9625624071631809,0.9657802410926914,0.9560360665506413,0.9920173342590322,0.9902930568412975,0.9982414819031574,0.9929239195606037,0.9914396034837111,0.9898492047629374,0.9991330963698587,0.9765573291325842,0.9762683458455325,0.9925977824765397,0.9921773243376898,0.9903761823363922,0.9950459211859972,0.9693959815625285,0.9673849971358137,0.9650892668255551,0.9736878487148329,0.9831212865561494,0.9863906330102403,0.9998120558160984,0.983007951824337,0.9862365773731914,0.9997626564991221,0.9838785115302126,0.9874493527464742,0.9997092521512069,0.9874493527464742,0.9997092521512069,0.9874493709567277,0.9997092566712722,0.984187870737797,0.98786131247306,0.9990019153521538,0.995187487730363,0.9758478354323851,0.9917488617689364,0.9905377374544555,0.9892355582144606,0.9967451824123167,0.9578961265616591,0.9834735750796125,0.986887034124436,1.0,0.9814900393619326,0.9756788030933243,0.9771908128768824,0.9784994151953249,0.9785339480734316,0.9796106177132935,0.9854177757392525
submission_upgrade_precision_pruned.csv,0.9945134914649598,0.9910408154662,0.9943008850392024,0.9942997367281684,0.9916066606049957,0.992458086599215,0.9695028453623182,0.9999999330999924,0.9984799375160126,0.9983734511578792,0.986953828938087,0.9981411889057591,0.9976715901442467,0.9778785084726804,0.9953696629977807,0.9979674928341757,0.9978489785467773,0.9979474756343204,0.9988156347785941,0.9883610846196085,0.9904152346095338,0.994832964466415,0.9863595052135231,0.9926953729495938,0.9985021396215973,0.9922426718904436,0.9987380235516499,0.9987189713087375,0.9089432286124228,0.9895358224764323,0.9875806043631001,0.9895609166090928,0.9906714335656958,0.9853858507418032,0.9962972671043325,0.9971456779193667,0.982387354967391,0.995984115831553,0.9967671432555382,0.9973843967739107,0.987325922469399,0.9978811410816651,0.9978510799708322,0.9962601023970943,0.9965060031011316,0.9972618423601024,0.9736785398418023,0.9897519783314304,0.9928545811765659,0.9891911475102634,0.9919977216186546,0.9983874533801235,0.9981677139009809,0.9840675678908953,0.9983485272793481,0.9981258779164655,0.9843722763640584,0.9983496548835333,0.9979729082441875,0.97818617607704,0.9979729082441875,0.97818617607704,0.9979729149470101,0.9781861539032191,0.9982765075268213,0.997788595975117,0.9749634836439298,0.9765229995945748,0.9936814815632596,0.9963639515453221,0.9970129681634662,0.997523740413199,0.989235699117891,0.9888914711593546,0.9983447975961603,0.9980447892279531,0.9814900393619326,1.0,0.9977761059005443,0.997456271198434,0.9978303476169892,0.997711862915359,0.9980527389066225,0.9985096129418509
submission_upgrade_sota60_anchor40.csv,0.9919048872792962,0.9876965767923728,0.9920534519877897,0.992051355106285,0.9974156434201084,0.9894493147326594,0.960742508666616,0.9977762039574418,0.9993703843497126,0.9985832051237712,0.9811571807018686,0.9991544438147373,0.998062048158435,0.9727998180993019,0.9941449872271905,0.9999380525372779,0.9997005021711823,0.9997388728486992,0.9957743301257254,0.9946336033578845,0.992132731986818,0.9953277091788197,0.9869080580498063,0.996942800360714,0.9998140976799351,0.9894260456697249,0.9996057789306138,0.9957387152930418,0.8986727052884669,0.9952179053425522,0.9943965573656484,0.9967333432862185,0.9958953106825367,0.9923476073324006,0.9952154154994679,0.9965157457112995,0.9772966668330837,0.994645591488307,0.995837813319089,0.9968537644480239,0.9828480238802866,0.9999771163977831,0.9999898681681774,0.9949638022043206,0.9952951011420335,0.9965473410128437,0.9689995958334623,0.9943118796350515,0.9984691307856969,0.9950621899680477,0.9963796293644878,0.9992978908861815,0.9984039236001818,0.9784943073508611,0.9993212116207937,0.9984571420536664,0.9791584090124649,0.9991287236428564,0.9980013887786218,0.9716516452617774,0.9980013887786218,0.9716516452617774,0.9980013814298665,0.9716515692756951,0.9990402551655297,0.9977921553334108,0.9682781822967663,0.9718275214312598,0.9968427895210578,0.9952638296233615,0.9962595678452578,0.9971085057965695,0.9854144163591256,0.9958975486577978,0.9992263112888602,0.9982341863034535,0.9756788030933243,0.9977761059005443,1.0,0.999897238214339,0.999657257378485,0.9996022323727413,0.9994507813653777,0.9955391547030851
submission_upgrade_tri_blend.csv,0.9927019100669635,0.9887111671016009,0.9928523689323043,0.9928503874601953,0.9976954050264271,0.9898290068584314,0.9623058064110978,0.9974563507572827,0.9994739723112026,0.9987868430114123,0.9820756331739195,0.9994000902188133,0.9984849869391569,0.9746164588231739,0.9949232517128224,0.9998459356913649,0.9997665712286433,0.9997856781365106,0.9957431956228475,0.9947458454337204,0.9924405620652785,0.996097268430036,0.9889208948813348,0.9979408072757893,0.9997683355924114,0.9899616189353398,0.9995803182385956,0.995789164234911,0.9033633088752362,0.9952111364325044,0.994230463539365,0.9969109615830545,0.9959082438870926,0.9925062219750104,0.9958328390662238,0.9970275945860211,0.9787341674886323,0.9952925852515743,0.9963971313836381,0.9973276033487187,0.9840668544051351,0.9999186280440471,0.9999165654263052,0.9955971487116217,0.9958898846273188,0.9970442567641811,0.9710749004509144,0.9945498356074888,0.9985583193658523,0.9953239636087972,0.9967650503916313,0.9994699951354639,0.9987132089646928,0.9798521196298701,0.9995008105022182,0.9987780085334661,0.9805642443030882,0.9993365391535379,0.998366701544056,0.9732579167231793,0.998366701544056,0.9732579167231793,0.998366695597945,0.9732578460188144,0.999282199679257,0.9982102270179745,0.9700968190296123,0.9737342529861681,0.9970603795514063,0.9958820590551065,0.9967977053554199,0.9975684832053702,0.9865530393746051,0.9958731370093019,0.9994219758622729,0.9985801071682274,0.9771908128768824,0.997456271198434,0.999897238214339,1.0,0.9997529543713412,0.9997216914693567,0.9995647783005376,0.9956029523584173
submission_upgrade_v10_golden_tri_blend.csv,0.9934158252597528,0.9896441477233409,0.9935692532946796,0.9935674886756963,0.9968623273598932,0.99033497887423,0.9640339191461117,0.9978303703962342,0.9996069795857463,0.999096802134385,0.983606561498179,0.9995212805138348,0.9987787875760861,0.9761671208567959,0.995541588050112,0.9996522801471733,0.9998735197764436,0.999878653333912,0.9967457744038701,0.9939810308039062,0.9924849389114665,0.9962117816684852,0.9892822481375974,0.9975137430736035,0.9998239452165234,0.9904279802865875,0.9997681143653409,0.9968009671453911,0.905859026674173,0.9944148745402283,0.9933967243208788,0.9958564788514942,0.9951548075347881,0.9915281735061972,0.996364759415779,0.9974548844267715,0.9800752102179935,0.995832505393405,0.9968556908921464,0.9977068493705809,0.9851338950572164,0.9997772050966865,0.9997421638439671,0.9961334787132873,0.996402308407422,0.997458681011526,0.9724458397786232,0.99387907819849,0.997760343879341,0.9946337577923763,0.9961635178017362,0.9995479265851835,0.9989397952668744,0.9811256055315098,0.9995749766287637,0.9989989141914346,0.981819046904422,0.9994342231229532,0.998624887673962,0.9746843091806608,0.998624887673962,0.9746843091806608,0.9986248862427465,0.9746842572697154,0.9994023210550007,0.9985031995854575,0.9716643518260353,0.9750509943677604,0.9966316318041561,0.9964265400962764,0.9972597574386902,0.9979501057571163,0.9876295699658141,0.994915156300474,0.9995034426965957,0.998812636928832,0.9784994151953249,0.9978303476169892,0.999657257378485,0.9997529543713412,1.0,0.9999968033300237,0.999963503919689,0.9969084275764025
submission_upgrade_v10_sota60_anchor40.csv,0.9934118181372977,0.9896511882972101,0.9935656651674675,0.9935639109590053,0.9968891300005591,0.990269358606185,0.9640356512730595,0.9977118796889226,0.999569252906489,0.9990662423298247,0.9836141415164164,0.999498841704423,0.9987717960642101,0.9762718203197225,0.995554003500301,0.9995956860277757,0.9998554840122762,0.9998560085277791,0.9966901762439654,0.9940185630315013,0.9924820365320195,0.9962287530815496,0.9894306423560703,0.9975954054317318,0.9997768250703305,0.9903782564214284,0.9997231065262581,0.9967554939034398,0.9061810428381216,0.994422911669653,0.9934038959591198,0.9958840626187583,0.9951558405415505,0.991567746850339,0.9963584669401964,0.9974412926870725,0.9801255553497323,0.9958228601075371,0.9968413832702988,0.9976880026450033,0.9851544148633503,0.9997317631878556,0.9996935151561307,0.996123302546414,0.9963886978698762,0.9974402782927849,0.9725646518852582,0.9938792519295366,0.9977618559953974,0.9946812885290236,0.9961894617900277,0.9995121219821433,0.9989122282466526,0.9811492239205573,0.9995411625017013,0.998974404028626,0.9818546264250706,0.9993999785335138,0.9985997927586339,0.974719242555438,0.9985997927586339,0.974719242555438,0.9985997917600908,0.9747191924823871,0.9993728171484912,0.9984854156467171,0.9717283887707991,0.9751524164174951,0.996627484695276,0.9964209369150948,0.997248451272552,0.9979332402373411,0.987660782292421,0.9949288040195218,0.9994693345334145,0.9987877048010054,0.9785339480734316,0.997711862915359,0.9996022323727413,0.9997216914693567,0.9999968033300237,1.0,0.9999644298461542,0.9968906109237301
submission_upgrade_v10_sota65_anchor35.csv,0.9939852692155464,0.9904002976777996,0.9941396882950216,0.9941380584320427,0.9962591793114869,0.9908006059617708,0.9655066086659565,0.9980527441144653,0.9996378005747134,0.9992450896003863,0.984620585566581,0.9995652258724713,0.9989485639356438,0.977312691039847,0.9959937006334117,0.9994806831010187,0.999802029296297,0.9998063153212557,0.9972187603691104,0.993289537318078,0.992453963470003,0.9963837170179499,0.9897591939600487,0.9972957662580635,0.9997711055692594,0.9908973486624784,0.9997863595420478,0.9972849635975141,0.9082199589609051,0.9937499197056145,0.992633703007968,0.9950841766231951,0.9945466125117733,0.9907440939474785,0.9967553941189903,0.9977627891117498,0.9811085762967112,0.9962544430680011,0.9972068063589921,0.9979889316251284,0.986017693380231,0.999610429125811,0.9995621032100245,0.9965483459380193,0.9967970682039118,0.997769252007268,0.9735830795322974,0.993432664172699,0.9971662065481619,0.9940222513141191,0.9957372126277905,0.9995788973940201,0.9990890243250438,0.9821772541702739,0.9996008353974467,0.999140377736189,0.9828434259382199,0.9994882754649885,0.9988105873242031,0.9759041569693054,0.9988105873242031,0.9759041569693054,0.9988105874134533,0.9759041109805255,0.9994687764513771,0.9987082027988,0.9729641893319803,0.9761343142564822,0.9963139963073874,0.996821611256684,0.997591077913075,0.998219225091829,0.9884386448094011,0.9941379151196947,0.9995423888063958,0.9989745206644346,0.9796106177132935,0.9980527389066225,0.9994507813653777,0.9995647783005376,0.999963503919689,0.9999644298461542,1.0,0.9974528814037422
submission_v10_scale_aware_pure.csv,0.9958526369604134,0.9931705754457483,0.9956044602635892,0.9956041891086346,0.9891845886935071,0.9930694422346061,0.9743779094468972,0.9985094989701258,0.9973345710268037,0.9977500415297416,0.9906635858532531,0.9972586765061683,0.997458034622699,0.982911548716369,0.9964512264451398,0.9958341584297065,0.9965971509591319,0.996631124084972,0.9995274127216279,0.9860825989246403,0.9896004748110505,0.9950253861206443,0.9893369701198013,0.9922411959915742,0.9969305614302978,0.9930898206236156,0.9974537989102231,0.9995866705588062,0.9215525769403575,0.9869654304918132,0.9841463194701535,0.9863642470539248,0.9882084297614855,0.9827806615769735,0.9969071001709694,0.9973523183803154,0.9862994879767238,0.9966624700206764,0.9971220969003014,0.9974243012297905,0.9902359503204274,0.9959166097760934,0.9957953857305467,0.9969022771426539,0.9970291368799714,0.9974113350754609,0.9788878975759205,0.9874354214779095,0.9899587708550416,0.9873466222912658,0.9903848610656883,0.9972774829775836,0.9976018164973449,0.9876277844255891,0.9972468854467452,0.9975730694156761,0.9879963654803811,0.9973439358080834,0.9975719877729666,0.9825189437860424,0.9975719877729666,0.9825189437860424,0.9975719995815195,0.9825189430770734,0.9973794841214235,0.997556001719102,0.9799945776842833,0.9814281936704038,0.9922159398844926,0.996997083182377,0.9973349382059921,0.9975422706211146,0.9920138627504862,0.9854900433157808,0.9972863405715755,0.9975599336813328,0.9854177757392525,0.9985096129418509,0.9955391547030851,0.9956029523584173,0.9969084275764025,0.9968906109237301,0.9974528814037422,1.0
