,submission_breakthrough_precision_dual.csv,submission_breakthrough_push_30_70.csv,submission_breakthrough_push_50_50.csv,submission_breakthrough_scale_pruned.csv,submission_champion_ready_for_quota.csv,submission_champion_top1.csv,submission_clean_consecutive_master.csv,submission_clean_sota_roadmap.csv,submission_cnn_xgboost_golden_tri.csv,submission_cnn_xgboost_master_70_30.csv,submission_cnn_xgboost_pure.csv,submission_cultural_affinity_golden_quad.csv,submission_cultural_affinity_master_70_30.csv,submission_cultural_affinity_pure.csv,submission_cultural_affinity_ultra_blend.csv,submission_day_calibrated_master.csv,submission_deep_sota_v11_60_40.csv,submission_deep_sota_v11_golden_tri.csv,submission_deep_sota_v11_pure.csv,submission_ensemble_top.csv,submission_gpu_master.csv,submission_grand_champion_blend.csv,submission_grandmaster_5050_blend.csv,submission_grandmaster_blend_sota.csv,submission_grandmaster_golden_quad.csv,submission_grandmaster_local.csv,submission_grandmaster_master_70_30.csv,submission_grandmaster_pure.csv,submission_grandmaster_sota_pure.csv,submission_grandmaster_unbiased.csv,submission_hurdle_calibrated.csv,submission_hurdle_top.csv,submission_improved_top.csv,submission_lgbm_baseline.csv,submission_managerial_hazard_master_70_30.csv,submission_managerial_hazard_master_80_20.csv,submission_managerial_hazard_pure.csv,submission_managerial_record_pb_60_40.csv,submission_managerial_record_pb_70_30.csv,submission_managerial_record_pb_80_20.csv,submission_managerial_record_pure.csv,submission_master_champion_70_30.csv,submission_master_champion_80_20.csv,submission_pb46432_golden_hybrid.csv,submission_pb46432_push_70_30.csv,submission_pb46432_push_80_20.csv,submission_plan_b_7horizon.csv,submission_podium_blend.csv,submission_podium_roadmap_blend.csv,submission_reproduced_0615.csv,submission_sota_night_candidate.csv,submission_star_power_champion_golden_quad.csv,submission_star_power_champion_master_70_30.csv,submission_star_power_champion_pure.csv,submission_star_power_golden_quad.csv,submission_star_power_master_70_30.csv,submission_star_power_pure.csv,submission_step1_golden_blend.csv,submission_step1_master_70_30.csv,submission_step1_pure_calib.csv,submission_step2_master_70_30.csv,submission_step2_pure_jedidi.csv,submission_step3_master_70_30.csv,submission_step3_pure_hazard.csv,submission_swa_resnet_golden_quad.csv,submission_swa_resnet_master_70_30.csv,submission_swa_resnet_pure.csv,submission_trio_bayes_master.csv,submission_triple_ensemble.csv,submission_tuned_cnn_xgboost_pb_60_40.csv,submission_tuned_cnn_xgboost_pb_70_30.csv,submission_tuned_cnn_xgboost_pb_80_20.csv,submission_tuned_cnn_xgboost_pure.csv,submission_ultimate_gacor.csv,submission_upgrade1_champion_golden_quad.csv,submission_upgrade1_champion_master_70_30.csv,submission_upgrade1_champion_pure.csv,submission_upgrade_precision_pruned.csv,submission_upgrade_sota60_anchor40.csv,submission_upgrade_tri_blend.csv,submission_upgrade_v10_golden_tri_blend.csv,submission_upgrade_v10_sota60_anchor40.csv,submission_upgrade_v10_sota65_anchor35.csv,submission_v10_scale_aware_pure.csv
submission_breakthrough_precision_dual.csv,1.0,0.992545029822933,0.9926166327176014,0.9920644203820536,0.9709234519504464,0.8411631431189152,0.9680220327578696,0.971213987788955,0.9897532412695281,0.9893502600953651,0.9216418421011573,0.9911395384186598,0.9914426540642216,0.9736034081723824,0.9920694008924928,0.9901357718162476,0.9882558012637592,0.9886146927927715,0.9633008842930185,0.832894583178415,0.901217072858953,0.9865300806543505,0.9870782948243144,0.9862029568638818,0.9903159947148608,0.8434909405953044,0.9902487558253792,0.9641637347240206,0.9330440099294383,0.8330092344454968,0.9830908854777448,0.9841852611590487,0.8338607585028993,0.8296132992163725,0.992214471605324,0.9921053720633888,0.9773939002441728,0.9925098412275135,0.9923769392273785,0.9921890999042641,0.9838111428147255,0.9900795049755545,0.9901935407248238,0.9924020593953963,0.9924001643779304,0.9922048734736653,0.9601373842191241,0.9061661748092383,0.9867172661239285,0.8348314769407686,0.9570861903098394,0.9912580702931983,0.9916760287689349,0.984203978172675,0.991251022233263,0.9916648112357984,0.9841980472367374,0.991252467221847,0.9916523414490199,0.9833911626568094,0.9916523414490199,0.9833911626568094,0.99165259321197,0.9834408765923357,0.9912686333417585,0.9916587013858456,0.9798292791721311,0.9504779818272323,0.8374392398619417,0.9922792252569618,0.9922566350254703,0.9921414103587457,0.9772109757418486,0.9835886882103327,0.9912543804712286,0.9916657590991252,0.9841842356151758,0.9712250465908993,0.9903132648590808,0.9900161302868785,0.9884914849801058,0.988120958895303,0.9883466308635678,0.962386061896671
submission_breakthrough_push_30_70.csv,0.992545029822933,1.0,0.9998529585161089,0.9976768330618995,0.9700279378844439,0.8320696588308344,0.9612861063784579,0.963782590582677,0.9964664475736621,0.9960890714222085,0.9144468727036312,0.9979269483488606,0.9982925671277887,0.9683873544137257,0.9991463093679543,0.9967868797723425,0.9946709112581509,0.995037381750032,0.954786488979186,0.8235504737234416,0.9071529602623742,0.9849258481369338,0.9940528375037138,0.9932437851672896,0.9968187460603691,0.8344953769111843,0.996667852411025,0.9557587453527903,0.9267504561958364,0.8237481015471697,0.9901920519577957,0.9913545093467773,0.824902386025768,0.8207950130418259,0.9992541202669954,0.9990716410447409,0.9717352404368501,0.9996411557468581,0.99942587129043,0.9991630097621481,0.9779187473287602,0.996697653076701,0.9968505940623146,0.9994663349878112,0.9994563389574296,0.9991831312078375,0.9572134902696362,0.9124487992466395,0.9937127471692103,0.8255562895043758,0.9531109489936312,0.998041884680445,0.9985175390823094,0.978284549282644,0.9980357612866365,0.9985076351855102,0.9783449046249636,0.9980399531249019,0.9985004726589177,0.9776511963751561,0.9985004726589177,0.9776511963751561,0.9985005157622021,0.9776054092650882,0.998068759924874,0.9985273177421291,0.9744038440006123,0.9457377919307434,0.8283712018954024,0.9994402393695443,0.9993238625084748,0.9991248128430378,0.9713316457926556,0.990714266195601,0.9980394610434246,0.998509519072172,0.9784036797138347,0.9637342483632957,0.9970597894209764,0.9967807276992796,0.9949107926557289,0.9945326046913658,0.9946960018800995,0.9540245191635431
submission_breakthrough_push_50_50.csv,0.9926166327176014,0.9998529585161089,1.0,0.9978600904643566,0.9716841278747482,0.8342283614038584,0.9604760929115757,0.9637708718449779,0.9977057926580192,0.9973608698000409,0.9159773845568177,0.9988499742597399,0.9990845429764993,0.967185602965501,0.9995650527717734,0.9979455313437752,0.9961038239435582,0.9964412485629155,0.9559525415030806,0.8260967209850769,0.9047490333499449,0.9858427472546013,0.9952135611707957,0.9947110659974712,0.9980077059435788,0.8365533358889318,0.9978670950161798,0.956863975618323,0.9266251079395657,0.8262754088675153,0.9920407178326498,0.9930505219173577,0.8273924449728641,0.8232900738449558,0.9997039765851641,0.9996373649105309,0.970721733471176,0.9999407927110073,0.9998536662159286,0.9997133355090092,0.9768567080861447,0.997917817772052,0.9980375226999941,0.9998737558535249,0.9998737060910883,0.9997267924889839,0.956811380209156,0.9100523224640217,0.9952631488170102,0.8280779714257153,0.9545904375481069,0.9989553044650542,0.9992970412589323,0.977117986275385,0.9989502184568443,0.9992885215382225,0.9771812922504365,0.9989502626272266,0.9992742913311169,0.9763979439864611,0.9992742913311169,0.9763979439864611,0.999274320988704,0.9763526886637527,0.9989659240095855,0.9992797351744857,0.9729274537170686,0.9464203764624232,0.8307248178077219,0.9997223964512346,0.9997400976829605,0.9996685106672166,0.970150136260693,0.99250365389876,0.9989521782054623,0.9992874043933115,0.9772079538058441,0.963725834438159,0.9981739000639394,0.9979671647652874,0.9963287958039105,0.9959804914707969,0.9961166709190452,0.9552457698881333
submission_breakthrough_scale_pruned.csv,0.9920644203820536,0.9976768330618995,0.9978600904643566,1.0,0.9702000298482356,0.8389640472168152,0.9621503222326263,0.96421048182418,0.995569454737135,0.9952138733398925,0.9166656145575496,0.9967204179630471,0.9969538999790419,0.966240174795502,0.9974280429009181,0.9958516171951091,0.9940273105475017,0.9943635677130058,0.9554602372304328,0.8312186878535495,0.9035424273620746,0.9841430717299469,0.993174800857978,0.9926248082320753,0.9959004132608561,0.8411302665359727,0.9957684735870251,0.9563459016402397,0.928343777155175,0.8314295180480761,0.9898552732375702,0.9908654618698683,0.8324155281726867,0.8283680355214883,0.9975721317384006,0.9975152211872342,0.9701519086955365,0.9978146770378633,0.9977348058744274,0.9975991561932421,0.9764031358085097,0.9958019086726407,0.9959108899643083,0.9977538433008428,0.9977528222990926,0.997611360478599,0.9564382770174611,0.9087582778666009,0.9931207469511466,0.8331105466188831,0.9534935117630904,0.9968385737769374,0.9971870016125602,0.9766527635854578,0.9968360625674191,0.9971826570886434,0.9767274412522696,0.9968408196433847,0.9971752880994542,0.9759676470212459,0.9971752880994542,0.9759676470212459,0.9971758105018864,0.9760555531417386,0.9968481075449124,0.9971676502363058,0.9721843747137842,0.9458288883005157,0.835689496439976,0.997563303316928,0.9975974455291329,0.9975396289489795,0.970239569348544,0.990319493098254,0.9968383789640513,0.9971819091802686,0.9766818772807293,0.9642618930450593,0.9960196285470084,0.9958424108448465,0.9942486667255368,0.9939010851888712,0.9940380363432726,0.9547172565621325
submission_champion_ready_for_quota.csv,0.9709234519504464,0.9700279378844439,0.9716841278747482,0.9702000298482356,1.0,0.862964860795934,0.9490234480524319,0.9412061398398545,0.9760310807863357,0.9763176976158029,0.9478913208903398,0.9746702230768879,0.9742878711764615,0.9504997551967126,0.9727450868648702,0.9751889998428932,0.9767242496795538,0.9766418830315133,0.9688009060031177,0.8577002694140682,0.8779283801948877,0.9805070248498767,0.9751676876952244,0.9772301091820237,0.9753615708971622,0.8649577719413573,0.9753877820160004,0.9686669736480461,0.9250131053615473,0.8574373069318842,0.9772797742329703,0.9776073892065829,0.858308742058735,0.8538423895142127,0.9729593883332982,0.9735529223288769,0.9547952481253367,0.9724710422690019,0.973072090291446,0.9735998120667884,0.9586948625201972,0.9756257420318916,0.9753275869524765,0.9729787435896678,0.9730100435069422,0.9735595895966632,0.9520728573579021,0.8814623367151992,0.9775429182052551,0.8597879324545165,0.9956840857686617,0.9747390092107203,0.9744549085905417,0.9576830740524576,0.9747652730633449,0.974493069543337,0.9580862210246804,0.9748101756656926,0.9745438092840611,0.9569337247613652,0.9745438092840611,0.9569337247613652,0.9745440351445215,0.9568918509790019,0.9747050553326251,0.97435949750143,0.9524709861950406,0.9630238256915492,0.8608336929697231,0.9719183780632832,0.9727140267745097,0.9733967584702464,0.9505133565621805,0.9774635026826396,0.9747810762503301,0.9745110024260494,0.9581613472687515,0.9411930909985986,0.9745787178169866,0.9754873647140055,0.976723677169884,0.9768077950503915,0.9765773186397263,0.9706126461559611
submission_champion_top1.csv,0.8411631431189152,0.8320696588308344,0.8342283614038584,0.8389640472168152,0.862964860795934,1.0,0.8533428182562822,0.8351055055169647,0.8400322610081727,0.8406962894844254,0.9026447849976756,0.8380077959994695,0.8377126204141543,0.834805910787576,0.8359446602317078,0.8384698965189631,0.8406683089318564,0.8405645320883351,0.8693619771617611,0.9889787617553883,0.7484108106153425,0.8578907865168185,0.8384516427251199,0.8405623700614824,0.8388192521261636,0.9981182293572484,0.8389860902122835,0.8683744237826836,0.8575285057012514,0.989625592508127,0.8400351694620685,0.8403410352959721,0.9895898540510562,0.9832724057648113,0.8358648129716387,0.8366033197630172,0.8393520293883426,0.8352106727319141,0.8359766828532701,0.836639276982144,0.8432586985349001,0.8389718305755738,0.8385139124494421,0.8359418045038987,0.8359171069051636,0.83660126967718,0.8354547145744865,0.7486548109003637,0.840740774748038,0.9889642527593587,0.8646888519043969,0.8379361240141499,0.8376849548545944,0.8419597634543123,0.8379660697462689,0.8377294593037927,0.8420031804913828,0.8380346208987165,0.8378112095729648,0.8398839612735023,0.8378112095729648,0.8398839612735023,0.8378121297779549,0.8402654714296226,0.8380037460641436,0.8377344925777384,0.8340394802354584,0.8727587839661519,0.9920093167198383,0.8344323215265929,0.8354716657762242,0.8363539378134344,0.8389206059346921,0.8402171675921818,0.8380196263325375,0.8378032125175968,0.8410571971795204,0.8355231500488717,0.8373647991569361,0.838619141782991,0.8405733193305125,0.8406693150771192,0.8404496930735638,0.8704190835255052
submission_clean_consecutive_master.csv,0.9680220327578696,0.9612861063784579,0.9604760929115757,0.9621503222326263,0.9490234480524319,0.8533428182562822,1.0,0.9568961612648307,0.953674931830234,0.9531281746554692,0.9232279115249582,0.9558453324491216,0.9564311796326995,0.9586271622464267,0.9586544156694324,0.9539666526397009,0.9516689700823935,0.9521358988682727,0.9560265146784875,0.8454968341480902,0.8818874893178341,0.9779079279642403,0.9517923876752636,0.949951542199943,0.9543717805014025,0.8553088883064888,0.954233883930569,0.9566136599047619,0.9312954769845735,0.845030301089955,0.9455197003250315,0.9469225173249117,0.8452050096750965,0.8428332585396437,0.9583257048668617,0.9580939196433611,0.9620917434343825,0.959940869423246,0.9593705020419522,0.9587537405270917,0.9756056717039612,0.9541411903812306,0.9543121652184863,0.9595169109739319,0.9593873461985533,0.9587661591647628,0.9610324748185083,0.8850204923850571,0.9500174560493595,0.8469526844320026,0.9419925964791532,0.9564492333446406,0.9574081821946965,0.9758738977700804,0.956536575455293,0.957542872599003,0.9772882686630011,0.9569108206739245,0.9581028517724774,0.9813532051108683,0.9581028517724774,0.9813532051108683,0.9581029596043746,0.9814364134877634,0.9566786000439226,0.9577319738663047,0.9731992212045237,0.9556829879634268,0.8492495805192319,0.9586401878969408,0.958470275282887,0.9582004230858275,0.9632940760024227,0.9461622398907292,0.9566409605707707,0.9576993137596221,0.9782114296864484,0.9569410762209252,0.9545237596425692,0.9542187989165841,0.9518628757109584,0.9513706324430012,0.9516259256257426,0.9543978890827526
submission_clean_sota_roadmap.csv,0.971213987788955,0.963782590582677,0.9637708718449779,0.96421048182418,0.9412061398398545,0.8351055055169647,0.9568961612648307,1.0,0.9584609382454146,0.9566586462130982,0.9070395481580796,0.9620471403537909,0.9619580890183599,0.9664019516541499,0.9628314659865707,0.9608217550311345,0.952124155014677,0.953311234525653,0.9529919236106543,0.826986189289519,0.8857670056961033,0.9573334002349908,0.9504802327753514,0.9478477832204754,0.9602579871458214,0.8373990665620654,0.9594035598407836,0.954580739255581,0.9287650596907718,0.827355347719155,0.9430474248277465,0.9442012312358514,0.8280233082020514,0.8231019099235366,0.9632426190048482,0.9630067749657173,0.9716233935965083,0.9634711693382958,0.9632693473636292,0.9629992730746953,0.9767612095523207,0.9601236680173285,0.961093897088058,0.9633368882930758,0.9633746908118783,0.9630683914559116,0.935109549633038,0.8888854041096586,0.9504744381066808,0.8286851889277057,0.9326506832342238,0.9622272956276854,0.9622944192787912,0.9778135760231061,0.9621740027768048,0.9622120824203099,0.9770419810643847,0.9620358333704221,0.9619845198590256,0.9736085660276195,0.9619845198590256,0.9736085660276195,0.9619828131097926,0.9735811270593195,0.9621657018272881,0.9621594440902917,0.9714381103716075,0.9299520691293618,0.8312877886988586,0.963838010335598,0.9635962057887146,0.9632485868729722,0.9749479098674625,0.9435880964748428,0.9621265572600949,0.9621366402785883,0.9757218040370024,0.9998560931820073,0.9629969198240326,0.9607378399409474,0.9530712177494219,0.9518643612940825,0.952413144071682,0.9513915391344748
submission_cnn_xgboost_golden_tri.csv,0.9897532412695281,0.9964664475736621,0.9977057926580192,0.995569454737135,0.9760310807863357,0.8400322610081727,0.953674931830234,0.9584609382454146,1.0,0.9999455765283038,0.920284188764585,0.9996209727812894,0.9993718986221386,0.9591540323463709,0.9983961793833268,0.9996617847518631,0.9992895103223824,0.999456815656546,0.9573173021085906,0.8331857667956147,0.8929930055415054,0.9870191546509708,0.9973969844224244,0.9982435392545611,0.9998500052680911,0.8419315739598169,0.999786480311558,0.9579785454264642,0.9224249192870212,0.8333034137778329,0.9972519364523796,0.9976313295079575,0.8342401619367411,0.8301917803019807,0.9985977156704104,0.9989780787405724,0.9631014493048364,0.9982252852364092,0.9986359806813305,0.9989771791389555,0.9689668371785736,0.999893317844407,0.9998364132746903,0.9985907124692395,0.9986180622820788,0.9989660266214486,0.9523996139158762,0.8983213837350799,0.9990026449893218,0.8350992441609529,0.958132439022703,0.9996491511324923,0.9994747904555056,0.9688653265463956,0.9996505561506038,0.999475426299593,0.968972018894804,0.9996372447326102,0.9994384498461384,0.9679686710569986,0.9994384498461384,0.9679686710569986,0.9994384515114383,0.9679242689368986,0.9996183888239029,0.9993865504614092,0.9638577782141237,0.9464117332421301,0.8370808700590038,0.9979644673491036,0.9984946254020101,0.9989169909633083,0.961741679334162,0.9974656375562165,0.9996482956014511,0.999466611339427,0.9689716243921298,0.9584233619795018,0.9995960803741889,0.9997903786762121,0.999413399755223,0.9992391538058255,0.9992362365359296,0.9569078503749259
submission_cnn_xgboost_master_70_30.csv,0.9893502600953651,0.9960890714222085,0.9973608698000409,0.9952138733398925,0.9763176976158029,0.8406962894844254,0.9531281746554692,0.9566586462130982,0.9999455765283038,1.0,0.9209773770840302,0.9993745551755178,0.9991430748675294,0.9584372418381829,0.9981242280635515,0.9994271709043765,0.999443908087327,0.999567133462366,0.9572992173099066,0.8337081540755265,0.8920345009013031,0.9870921666482433,0.9974754599664524,0.9984225891791291,0.9996791278911613,0.8425768693952876,0.9996669078571764,0.9579285975796594,0.9218612336050566,0.8338399314242912,0.997537470430218,0.9978873525981026,0.834756665100395,0.8307190482021669,0.998301697017932,0.9986948697187065,0.962304276516882,0.9979014967968431,0.9983287151673863,0.9986864263517369,0.9681687774166424,0.9997023289150221,0.9995963215742247,0.9982847127761253,0.9983079775492704,0.9986734780450253,0.9520781040580303,0.8973343245530325,0.9990929853941654,0.8356214218583843,0.9584014013225031,0.9993833352670457,0.9992164399336549,0.968039602685672,0.9993860321379849,0.999219070317274,0.9681613885627285,0.9993756355047907,0.9991864577283794,0.9671849431715261,0.9991864577283794,0.9671849431715261,0.9991864681018532,0.9671407810542346,0.999360140804947,0.9991398183657622,0.9630698367888365,0.9464393192606488,0.8376250472899908,0.9976346540773045,0.9981832408839327,0.9986238260868645,0.9608282096823978,0.9977394197547917,0.9993855143898411,0.999212802849455,0.9681866055183144,0.9566217534619587,0.9992532278097707,0.999545217086399,0.9995211964088055,0.999390497881766,0.9993762730576713,0.9569038221069903
submission_cnn_xgboost_pure.csv,0.9216418421011573,0.9144468727036312,0.9159773845568177,0.9166656145575496,0.9478913208903398,0.9026447849976756,0.9232279115249582,0.9070395481580796,0.920284188764585,0.9209773770840302,1.0,0.9186010084637175,0.9184837839797925,0.9214802073870104,0.9172473410973957,0.9186371743309026,0.9203073059385779,0.9202528974345252,0.9575515902135587,0.8945584847847194,0.8330211747976927,0.9399203471212718,0.917853149837476,0.9193332952919563,0.9191398732284946,0.9042014394301798,0.9193439293488233,0.9574650725689481,0.9163241311405195,0.8953482746635936,0.9187099562285703,0.9190100698714672,0.8951822248707365,0.8905917688740651,0.9172707729622677,0.9177268462489738,0.9235547535019686,0.9166529420577963,0.9171863054874076,0.9176413365194502,0.9244046399880066,0.9190887897477246,0.9187525027229413,0.9171657873766269,0.9171537852958938,0.9176210000883016,0.9192328132939172,0.8335084502667585,0.9196692716766649,0.8966388126598803,0.9481321264329315,0.9184623925072049,0.9183395928982057,0.923076228140643,0.9184706633242599,0.9183507211378317,0.9231281854356477,0.9184697831498836,0.9183301847535815,0.9207484263985184,0.9183301847535815,0.9207484263985184,0.9183303482998014,0.920851313010247,0.9185058931143268,0.9183606898467094,0.9184577091720194,0.948462927701157,0.8970012410714159,0.9164030246058551,0.9170619102936169,0.9175985892536318,0.9204613343534038,0.9188974124496772,0.9184801788144069,0.9183586391267439,0.9225674119579017,0.9071069050247467,0.9179094378669796,0.9186929353716858,0.9202123330462209,0.9202572476422329,0.9201834467071832,0.9595292253522669
submission_cultural_affinity_golden_quad.csv,0.9911395384186598,0.9979269483488606,0.9988499742597399,0.9967204179630471,0.9746702230768879,0.8380077959994695,0.9558453324491216,0.9620471403537909,0.9996209727812894,0.9993745551755178,0.9186010084637175,1.0,0.9999397728276023,0.9634993526216831,0.9994391592307227,0.9996376862020532,0.9984521431887324,0.9987124481663316,0.9572492212648237,0.8309104143341765,0.8976827082528258,0.9866778766960318,0.9969481795618429,0.9972781905979512,0.9997314216841178,0.8400654509242469,0.9996012586777054,0.9580560716967561,0.9246065441496888,0.8310863469857956,0.9956613402174682,0.9962611616604324,0.832096737069928,0.828017127907856,0.999494192086958,0.999704007535706,0.9667493692453837,0.9992170018265415,0.9994746919900788,0.9996667271328429,0.9721301930932377,0.9997442059464765,0.999786122051097,0.9994582312645243,0.9994547423517739,0.9996541930020337,0.9539151617403939,0.903015750118198,0.9980485068147488,0.8328393312738996,0.9569525914920318,0.9999227282166452,0.9998785796847668,0.9720401342987707,0.9999236452639075,0.9998786080099328,0.9721443342365504,0.9998923993418615,0.9998151171292903,0.9710119403027019,0.9998151171292903,0.9710119403027019,0.9998151346514853,0.9709678804907398,0.9999476623289998,0.9998777595738838,0.9676550769934936,0.9463962712510445,0.8350601555852986,0.9990349395600073,0.9993900110367779,0.9996425094033458,0.9654359764492386,0.9959641756757974,0.9999201355831007,0.9998683619457944,0.9721135453579668,0.962009300970574,0.9997540006513607,0.9997389362682968,0.9986436402288524,0.9983751604685385,0.9984253291923154,0.9567196096259846
submission_cultural_affinity_master_70_30.csv,0.9914426540642216,0.9982925671277887,0.9990845429764993,0.9969538999790419,0.9742878711764615,0.8377126204141543,0.9564311796326995,0.9619580890183599,0.9993718986221386,0.9991430748675294,0.9184837839797925,0.9999397728276023,1.0,0.9650541050777784,0.9997039767248731,0.9993715083542732,0.9981951248260604,0.9984558773694923,0.9572140091777938,0.8303395615826886,0.8991528529407149,0.9865992539139823,0.9968161848420679,0.9969842620253,0.9994924768929373,0.8398320465223035,0.999383993181709,0.9580629349110433,0.9251811759334292,0.8305609314096442,0.995152110789169,0.9958377806716865,0.8315881626599991,0.8275027350147672,0.9996530866660338,0.9997867527560854,0.9678306746064994,0.999394922223203,0.9995900526591097,0.9997215705502616,0.9729499388308234,0.9994672468424806,0.9995062392226665,0.9995904079843381,0.9995656296314175,0.9997061491567352,0.9543918030741749,0.9044586965340571,0.997661278752733,0.8322759774285632,0.9566450473609683,0.999785128434339,0.9998184124684666,0.9728335070930214,0.9997872966061652,0.9998204558638866,0.972954624049789,0.9997500439103989,0.9997481462987895,0.9717852227627258,0.9997481462987895,0.9717852227627258,0.9997481813354274,0.9717418375034519,0.9998483211011955,0.9998775625573857,0.9688296581298264,0.9464451544800069,0.8346449348986427,0.9992462576672618,0.9995296613709441,0.9997129960712156,0.9664070137595301,0.9954897840936525,0.9997851998579567,0.999812498270545,0.9729365121873795,0.9619213540777982,0.9994681685755509,0.9994531585937144,0.9983713886368729,0.9981012489134287,0.9981665806795036,0.9566374013550242
submission_cultural_affinity_pure.csv,0.9736034081723824,0.9683873544137257,0.967185602965501,0.966240174795502,0.9504997551967126,0.834805910787576,0.9586271622464267,0.9664019516541499,0.9591540323463709,0.9584372418381829,0.9214802073870104,0.9634993526216831,0.9650541050777784,1.0,0.9678661623183752,0.9601168563310993,0.9558496556733211,0.9564866767865965,0.9615719076101096,0.8231282642471223,0.9011953413995447,0.964911654104168,0.9562121548290231,0.9533002829425267,0.960135554060607,0.8376962820859617,0.9599536539093797,0.9635817431750736,0.9332236375622851,0.8241529079842659,0.947599934416694,0.9496507437258622,0.8249907313176413,0.820484800269949,0.9664827689733625,0.9654753069725274,0.9870985231496265,0.9665392373089604,0.965791806591527,0.9650093816933166,0.9835387156699723,0.9596511674415593,0.9600417415755184,0.9660611961515546,0.9657616733631686,0.9649902906795508,0.9474832471384593,0.9045272913948295,0.9535908750042085,0.8252545909735977,0.9416713588964127,0.9623821065012373,0.9633658244679766,0.9828901296837176,0.9623762810450605,0.963357107009692,0.9828223046607983,0.9622033979241824,0.9630815823020923,0.9781149969992241,0.9630815823020923,0.9781149969992241,0.9630831531754923,0.9782509772775265,0.9629237321270518,0.9641804905280303,0.9869226292093912,0.940948842545284,0.8290973203964428,0.9670541877171139,0.9662175935841473,0.9653166387834884,0.9826996701116696,0.9484802923600005,0.9623773830862067,0.9633569606698535,0.9823298670003685,0.9664782769896849,0.9607356953251232,0.959863358642308,0.956227361814966,0.9555681789044405,0.9559815246818685,0.9606133059638152
submission_cultural_affinity_ultra_blend.csv,0.9920694008924928,0.9991463093679543,0.9995650527717734,0.9974280429009181,0.9727450868648702,0.8359446602317078,0.9586544156694324,0.9628314659865707,0.9983961793833268,0.9981242280635515,0.9172473410973957,0.9994391592307227,0.9997039767248731,0.9678661623183752,1.0,0.9985049995726845,0.9969306639457111,0.9972342854083927,0.9563965062871727,0.8279620588379635,0.9032443982786553,0.9861828409109568,0.995944933653044,0.995679352153266,0.9985826194030057,0.8381808113457201,0.9984605869575123,0.9573584384853744,0.9262328647768449,0.8281893970600995,0.9932823039145754,0.9941968531829601,0.8292661842658291,0.8252523648328898,0.9997720114679085,0.9997406868098861,0.9700962671092472,0.9996822077184799,0.9997083038716216,0.9996766965121175,0.9750818106168064,0.9985103591366509,0.9985954151390598,0.9997714937229193,0.9996945967014685,0.999668272277605,0.9559843323980568,0.9085123895435774,0.9962369788495773,0.829917864220752,0.9553590640074412,0.9992497169052426,0.9994648778654666,0.9750553845420192,0.9992557185620469,0.9994730626788091,0.9752239067828115,0.9992443470796234,0.9994410333495963,0.9743184580246165,0.9994410333495963,0.9743184580246165,0.9994410790362064,0.9742749165363181,0.999406210028621,0.9996704423314596,0.9721305441113852,0.9465395940538821,0.8326046059399627,0.9995279858930264,0.9996422191814017,0.9996632384392374,0.968595742899901,0.993709705534753,0.9992706331402094,0.9994914718583945,0.9753534449708265,0.9627930585145031,0.9986563509401094,0.9985456553475144,0.9971164504176168,0.9968012106781393,0.9969031518665793,0.955718083081186
submission_day_calibrated_master.csv,0.9901357718162476,0.9967868797723425,0.9979455313437752,0.9958516171951091,0.9751889998428932,0.8384698965189631,0.9539666526397009,0.9608217550311345,0.9996617847518631,0.9994271709043765,0.9186371743309026,0.9996376862020532,0.9993715083542732,0.9601168563310993,0.9985049995726845,1.0,0.9987527521462803,0.9989739881688622,0.9571900572902521,0.8319411874696794,0.896000054282579,0.9865050911051263,0.9968623670113105,0.9975612776680309,0.9997577433674955,0.8403836856774693,0.9996323468642884,0.9579040085375704,0.9228143231236302,0.8320257896152271,0.9963815228620015,0.9968530682697552,0.8329826549973666,0.8289399528631461,0.9987308872839291,0.9990817869636883,0.9641506103815869,0.9984189829430132,0.9987918243969619,0.9990962979043009,0.9700074348009605,0.9998095452362354,0.9998267963570611,0.998749334439748,0.9987779421826238,0.999087532354933,0.9525460807940775,0.9013753232344105,0.9984549638993593,0.8338368008234359,0.9572907323590555,0.9996990381416107,0.9995242771697889,0.9699414576086742,0.9997019621482488,0.999527173242366,0.9700442593885273,0.9996891096114147,0.9994907553979805,0.969021878903891,0.9994907553979805,0.969021878903891,0.9994907966023223,0.9689791547824185,0.9996675606266664,0.9994347506822161,0.965038502390122,0.9459707922478414,0.8357855732597805,0.9981717457939876,0.998658448009048,0.9990398268234613,0.9629835873566881,0.9966267585641692,0.9996972238095257,0.9995147260359677,0.9700102524841564,0.9607888169156956,0.9997506666263645,0.9997702139765217,0.9989052706880203,0.9986755285352026,0.9986954320135041,0.9566823546792121
submission_deep_sota_v11_60_40.csv,0.9882558012637592,0.9946709112581509,0.9961038239435582,0.9940273105475017,0.9767242496795538,0.8406683089318564,0.9516689700823935,0.952124155014677,0.9992895103223824,0.999443908087327,0.9203073059385779,0.9984521431887324,0.9981951248260604,0.9558496556733211,0.9969306639457111,0.9987527521462803,1.0,0.9999856607764294,0.9582452988121023,0.8343140703798388,0.8895310015117205,0.9869580568723484,0.9975248719267195,0.9987432755242412,0.9992186261910095,0.8424901542430703,0.999403389500928,0.9586787556860193,0.9207256288116964,0.8343387330277273,0.9981893780108102,0.9984276231968398,0.835235943500727,0.8313489446788344,0.9971383041743557,0.9976310730876206,0.9598140352139128,0.996744498522475,0.9972447712333589,0.9976740091819296,0.9663327092434645,0.9991216632240765,0.9988534647429839,0.9971703787060796,0.9972090570852877,0.9976513794113957,0.9513513649428428,0.8948590686126536,0.9991644217262804,0.8361810740929022,0.9586666048009997,0.9985093031264545,0.9983426369134503,0.9661092043708432,0.9985186283940062,0.9983555371241661,0.9662561705561876,0.9985255045875201,0.998348958323232,0.9653245123272776,0.998348958323232,0.9653245123272776,0.9983490503852316,0.9652841815835985,0.9984568850663939,0.9982212880520721,0.9606855708560476,0.9462690067251274,0.8379848045848817,0.9963353499370492,0.9969936667536842,0.997541933583693,0.958295321958917,0.9983455066674635,0.9985211862035136,0.9983536247964567,0.9662937929359008,0.9520984845422691,0.9981717874844082,0.9987184781560878,0.9998681718999833,0.9998689578450358,0.9998508520145429,0.9576206362145342
submission_deep_sota_v11_golden_tri.csv,0.9886146927927715,0.995037381750032,0.9964412485629155,0.9943635677130058,0.9766418830315133,0.8405645320883351,0.9521358988682727,0.953311234525653,0.999456815656546,0.999567133462366,0.9202528974345252,0.9987124481663316,0.9984558773694923,0.9564866767865965,0.9972342854083927,0.9989739881688622,0.9999856607764294,1.0,0.9583238266689728,0.8341620849989846,0.8901494999856725,0.9870136581213039,0.9975622749571943,0.9987043277972278,0.9994139709049512,0.8424015027711389,0.999568406937461,0.9587873494390131,0.9211710010249924,0.8341964129277403,0.9980681152437099,0.9983259053912172,0.8351007146315906,0.831194368826245,0.9974473164528112,0.9979244550970238,0.9604733060222576,0.9970635585526962,0.9975496258527699,0.9979647543885134,0.9669327981397007,0.9993259894136389,0.9990881717770893,0.9974778159799886,0.9975164107012531,0.9979437490889995,0.9516168796252099,0.8954724507179597,0.9991782617858657,0.8360341046728034,0.958625186109068,0.9987711381376845,0.9986057033991286,0.9667275572133395,0.9987791750989315,0.9986166234871608,0.9668657153500287,0.9987828447256119,0.9986052086629441,0.9659149410453075,0.9986052086629441,0.9659149410453075,0.9986052897231651,0.9658742309287205,0.9987187605538207,0.9984844311111054,0.96132557800968,0.946360800198785,0.8378590426536637,0.9966709101221265,0.997310799248379,0.9978407522034081,0.9590028368465546,0.9982323714086239,0.9987807345960735,0.9986132640080989,0.9668907928051813,0.9532844877623994,0.9984694635430356,0.9989559032215021,0.9998874434017191,0.9998602292514513,0.999851008373152,0.957707135843773
submission_deep_sota_v11_pure.csv,0.9633008842930185,0.954786488979186,0.9559525415030806,0.9554602372304328,0.9688009060031177,0.8693619771617611,0.9560265146784875,0.9529919236106543,0.9573173021085906,0.9572992173099066,0.9575515902135587,0.9572492212648237,0.9572140091777938,0.9615719076101096,0.9563965062871727,0.9571900572902521,0.9582452988121023,0.9583238266689728,1.0,0.8616086150222623,0.8712874218581956,0.971264280705216,0.9541867662261583,0.9541916275801707,0.958166090944663,0.8715351827238674,0.9586374499735189,0.9991460079994176,0.934529375945012,0.8618873180299186,0.9523727031802958,0.9527180914137304,0.8622159740824964,0.857811318842417,0.956637471248459,0.9569886617998287,0.9654578841551772,0.9564213192051924,0.9567722582263629,0.9570479599581355,0.9695771571684662,0.9574887945958198,0.9572131320132233,0.9567117377961167,0.9567547660482189,0.9570378918674329,0.9448188538736146,0.8728282395455474,0.9547269264279525,0.8635363062482907,0.9646357511357775,0.9573334885307698,0.9574059296286683,0.9685307432387419,0.9573294367754142,0.9573990561835625,0.9683170897863446,0.957305682124914,0.9573449909983609,0.965021831864836,0.9573449909983609,0.965021831864836,0.9573447553597687,0.9650359646379865,0.9572647680532845,0.9572594483874597,0.961940227204582,0.9576361902472326,0.864972189713256,0.956073386866895,0.9565730474384413,0.956954731572382,0.9640441545217887,0.9525811380442639,0.9573233752189485,0.9573839486419974,0.9674889727604846,0.952964383348688,0.956502381541592,0.9566086042906704,0.9579745230273792,0.9578648796082218,0.9581796709313235,0.996504817120141
submission_ensemble_top.csv,0.832894583178415,0.8235504737234416,0.8260967209850769,0.8312186878535495,0.8577002694140682,0.9889787617553883,0.8454968341480902,0.826986189289519,0.8331857667956147,0.8337081540755265,0.8945584847847194,0.8309104143341765,0.8303395615826886,0.8231282642471223,0.8279620588379635,0.8319411874696794,0.8343140703798388,0.8341620849989846,0.8616086150222623,1.0,0.7429968056141417,0.8512749431872272,0.8319323768908281,0.8350435571567129,0.8320577756668217,0.9896722381097545,0.832130343365527,0.8604891656991907,0.8474534871230218,0.9980442175982907,0.835491764323727,0.8356862620628465,0.9976593458963307,0.9936149020894263,0.8281170789998131,0.8290355127120025,0.8291312738515291,0.8273478136749032,0.828278863659716,0.8291023834951038,0.8334160245685478,0.8324377521830613,0.8319548720702075,0.8281378212831988,0.8281588704165045,0.8290241101320065,0.8308201313605911,0.7435162469238801,0.8354861838971498,0.9990837268521138,0.8591023198285831,0.8309311937727631,0.830456951669292,0.8319769552053256,0.8309935763079395,0.8305500794366601,0.8322120233474035,0.8310562644231279,0.8306220808548153,0.8300584741104327,0.8306220808548153,0.8300584741104327,0.8306230649710972,0.8304534967205769,0.8309177241030923,0.8303793353725106,0.8228686225054802,0.8673162505015174,0.9960509043409174,0.826495702180535,0.8277186079801383,0.8287802585223338,0.829347912982221,0.8356320636853205,0.8310089088340575,0.8305654032937125,0.830902788621281,0.8274243391813098,0.8307505106109023,0.8321685536034529,0.8342507555040312,0.8344020806765905,0.8340398602308317,0.8625429432748252
submission_gpu_master.csv,0.901217072858953,0.9071529602623742,0.9047490333499449,0.9035424273620746,0.8779283801948877,0.7484108106153425,0.8818874893178341,0.8857670056961033,0.8929930055415054,0.8920345009013031,0.8330211747976927,0.8976827082528258,0.8991528529407149,0.9011953413995447,0.9032443982786553,0.896000054282579,0.8895310015117205,0.8901494999856725,0.8712874218581956,0.7429968056141417,1.0,0.8900270322912337,0.8922738703112808,0.8893323892674538,0.8938669797349915,0.7508684418690005,0.8933633901315426,0.8728325918158819,0.8537117471747868,0.743028569303923,0.8816245342847602,0.8862091482335502,0.7439089016063146,0.7402615992485216,0.902868856139081,0.9014853871446308,0.902328433599722,0.9035551035079291,0.9023436401290335,0.9011402395098291,0.9023944394444927,0.8938540942184768,0.8943939095130553,0.9026300680229525,0.9023351133494869,0.9011346160490992,0.8830720865087914,0.9989092179124381,0.88923933492562,0.7450237080191155,0.8681266439435819,0.8974328257128983,0.8987662940140386,0.9028417417371839,0.8974830945523908,0.8988468042299257,0.9034493273427601,0.8975788978738078,0.8989872510526516,0.9042031191954175,0.8989872510526516,0.9042031191954175,0.8989864128143714,0.9041180195160889,0.8979570696352276,0.899571635209379,0.9068518805246263,0.8656944411212637,0.7485822317708297,0.90414906632409,0.9027925730584611,0.9014404227149853,0.9010793923435233,0.8833303757334785,0.8975228511169665,0.8989055283626789,0.9041820369794128,0.8856559697096741,0.8954656354806555,0.8945640005293055,0.8900705234426217,0.8894482375718255,0.8896666139580636,0.8703644785620938
submission_grand_champion_blend.csv,0.9865300806543505,0.9849258481369338,0.9858427472546013,0.9841430717299469,0.9805070248498767,0.8578907865168185,0.9779079279642403,0.9573334002349908,0.9870191546509708,0.9870921666482433,0.9399203471212718,0.9866778766960318,0.9865992539139823,0.964911654104168,0.9861828409109568,0.9865050911051263,0.9869580568723484,0.9870136581213039,0.971264280705216,0.8512749431872272,0.8900270322912337,1.0,0.986068969711658,0.9871002895777379,0.9866619590736776,0.8597980437477578,0.9866232017306138,0.9716615312223655,0.9322429131334701,0.8509486484624113,0.9860125439974917,0.986648546648736,0.8514600294030745,0.8481655429925158,0.9861591859076123,0.9864960049962004,0.9679077062226129,0.9862394752142664,0.9864982536451048,0.9866937426158564,0.9768521955524598,0.9868280770340058,0.9866684143080945,0.986489964518849,0.986459821303928,0.986669290437183,0.9661242106638449,0.8944787860198236,0.9873047867204557,0.8531094478910151,0.9674133604381424,0.9868483203422287,0.9869157115957042,0.9765595630631341,0.9868931793979205,0.9869830168879679,0.9772792457130193,0.9870411171721863,0.9871927575564089,0.9784206189104815,0.9871927575564089,0.9784206189104815,0.9871929044903779,0.978386899408846,0.9869218047457895,0.9869903227666844,0.9725896801584019,0.9667556657800362,0.8547750138119489,0.9855309578422341,0.9860238915787587,0.9864131666568791,0.9662594469149685,0.9863269960496989,0.9869357065938594,0.9870425747320427,0.9778029592744532,0.9573139089194402,0.9862117756644823,0.9867965376828247,0.9869794189680977,0.9869170303920406,0.986794639412284,0.9707323318333301
submission_grandmaster_5050_blend.csv,0.9870782948243144,0.9940528375037138,0.9952135611707957,0.993174800857978,0.9751676876952244,0.8384516427251199,0.9517923876752636,0.9504802327753514,0.9973969844224244,0.9974754599664524,0.917853149837476,0.9969481795618429,0.9968161848420679,0.9562121548290231,0.995944933653044,0.9968623670113105,0.9975248719267195,0.9975622749571943,0.9541867662261583,0.8319323768908281,0.8922738703112808,0.986068969711658,1.0,0.9991522372468602,0.9971216109116,0.8404667583835896,0.9971286573692554,0.9547670445977613,0.9322494639735787,0.8317947911255036,0.9965768852274103,0.9970183877300406,0.8327114971278058,0.8296606582702181,0.996008166988361,0.9963787525808777,0.959657551317537,0.995748057955497,0.996120426339644,0.996427389502528,0.9659135498042051,0.9972337943231689,0.9970539834489538,0.9960630638189422,0.9960689458429025,0.9963943798636865,0.9508314849433682,0.8976770755864051,0.9976650890583224,0.8338494714962099,0.9569333457294251,0.9969434564526499,0.9968668394507233,0.9655706447290778,0.9969706534175614,0.9969071353924506,0.9658916711096415,0.9969845767148557,0.9969125622609496,0.9651104993990447,0.9969125622609496,0.9651104993990447,0.9969126886946014,0.965070148230966,0.9969511374382479,0.9968387683618866,0.9607149818345194,0.9448997097756542,0.8356925132273744,0.9951782771969766,0.9957482704049305,0.9962138513058731,0.9573492295347283,0.9968198920534741,0.9969758391866701,0.9969095788323503,0.9659614818794372,0.9504539175305434,0.9965580495061429,0.9975001353211369,0.9975390243385611,0.9974955968752474,0.9973919991826428,0.9538859614939155
submission_grandmaster_blend_sota.csv,0.9862029568638818,0.9932437851672896,0.9947110659974712,0.9926248082320753,0.9772301091820237,0.8405623700614824,0.949951542199943,0.9478477832204754,0.9982435392545611,0.9984225891791291,0.9193332952919563,0.9972781905979512,0.9969842620253,0.9533002829425267,0.995679352153266,0.9975612776680309,0.9987432755242412,0.9987043277972278,0.9541916275801707,0.8350435571567129,0.8893323892674538,0.9871002895777379,0.9991522372468602,1.0,0.997742080176565,0.8423539260478503,0.9977397935145358,0.9546376978322403,0.9239941014647981,0.8349018776762521,0.9989993966220587,0.9993376504414427,0.8358377567899702,0.832343661735537,0.9958098460893475,0.996322654888209,0.9570019665026531,0.9954007635429177,0.9959192915125551,0.996368515612293,0.963363782495353,0.997981456337327,0.9977368440083919,0.9958420969421362,0.9958636856654053,0.9963326409019909,0.9505747273798265,0.895003291516074,0.9994649061185799,0.8369062919878831,0.9585007419249795,0.997301343248009,0.9970794562467838,0.9630043540005829,0.9973265126062024,0.9971162779431657,0.9632920842223444,0.997354172158507,0.9971417777377007,0.9626092466032001,0.9971417777377007,0.9626092466032001,0.9971419210568527,0.9625703446970628,0.9972837135117186,0.9970107001199574,0.9579126487146594,0.9457961393395091,0.8384703717180827,0.994857628605429,0.9955665732537969,0.996167750608562,0.9548639242297093,0.9991946907242011,0.997335618543003,0.9971242242096693,0.9634220139853795,0.9478232292341251,0.9971051102668728,0.9980629769461851,0.9987227227982727,0.998758678221352,0.9985572770254524,0.9540265090984172
submission_grandmaster_golden_quad.csv,0.9903159947148608,0.9968187460603691,0.9980077059435788,0.9959004132608561,0.9753615708971622,0.8388192521261636,0.9543717805014025,0.9602579871458214,0.9998500052680911,0.9996791278911613,0.9191398732284946,0.9997314216841178,0.9994924768929373,0.960135554060607,0.9985826194030057,0.9997577433674955,0.9992186261910095,0.9994139709049512,0.958166090944663,0.8320577756668217,0.8938669797349915,0.9866619590736776,0.9971216109116,0.997742080176565,1.0,0.840765037639306,0.9999666934104929,0.9588544484789718,0.9233233835186961,0.8321547548942697,0.9965580886552211,0.9969447069283032,0.8331031471655107,0.8290854728836919,0.9988136616128923,0.9991774156976204,0.9641687572093317,0.9984966147530094,0.9988807835880652,0.9991954581741961,0.9701826612366563,0.9999546908116054,0.9999145337232732,0.9988314674560694,0.9988656096699046,0.9991861139835327,0.9526821268200041,0.8991518877416326,0.9985418750997788,0.833968654532897,0.9576162139792713,0.9997898961667692,0.9996414225103308,0.9701127002744638,0.9997896146202112,0.9996395373007789,0.9701898468000083,0.9997722158395537,0.9995963759667937,0.9691137578060782,0.9995963759667937,0.9691137578060782,0.9995963901388574,0.9690697413000603,0.999745562758483,0.9995327067775127,0.9649718116091373,0.9462066527293779,0.8359463559652726,0.9982249767512382,0.9987311907427955,0.9991296538942025,0.9629889751420088,0.9967752976104916,0.999785162900831,0.999627508053637,0.9701471152696681,0.9602224736587811,0.9997091398791009,0.9997941851945884,0.9993244298312887,0.9991190514357242,0.9991721298410099,0.9575812010385799
submission_grandmaster_local.csv,0.8434909405953044,0.8344953769111843,0.8365533358889318,0.8411302665359727,0.8649577719413573,0.9981182293572484,0.8553088883064888,0.8373990665620654,0.8419315739598169,0.8425768693952876,0.9042014394301798,0.8400654509242469,0.8398320465223035,0.8376962820859617,0.8381808113457201,0.8403836856774693,0.8424901542430703,0.8424015027711389,0.8715351827238674,0.9896722381097545,0.7508684418690005,0.8597980437477578,0.8404667583835896,0.8423539260478503,0.840765037639306,1.0,0.8409354140627521,0.8706057511402804,0.860146948338205,0.9900899406872347,0.8415633712703171,0.841946952626949,0.9902426614374296,0.9841445232772796,0.8381195238744304,0.8388018586884657,0.8422212253998379,0.8374995749284554,0.8382142741826257,0.838826860984498,0.8460203322020717,0.8408884541925697,0.84044418065504,0.8381666240851655,0.8381451634097521,0.8387826063707532,0.8376950674813264,0.751126274206874,0.8424443380790083,0.9896685670604305,0.8668135906758818,0.8399756870613247,0.8397768160259188,0.8446633649614687,0.8400089522039222,0.839826387173062,0.8447456173009309,0.8400664434286866,0.8398914178334156,0.8425150400771314,0.8398914178334156,0.8425150400771314,0.8398922709337597,0.8428897499608978,0.8400371550472617,0.8398169258211945,0.8366638710870183,0.8749649145446294,0.9926231361303881,0.8367678849654614,0.8377437428127211,0.8385641407504395,0.8419019681636385,0.8417853345655735,0.8400516763249564,0.8398837166984048,0.843704479012705,0.8378048474376618,0.8393246366141529,0.8405492719783304,0.8424268425169287,0.8425091128795813,0.8423123572186325,0.8726493846403168
submission_grandmaster_master_70_30.csv,0.9902487558253792,0.996667852411025,0.9978670950161798,0.9957684735870251,0.9753877820160004,0.8389860902122835,0.954233883930569,0.9594035598407836,0.999786480311558,0.9996669078571764,0.9193439293488233,0.9996012586777054,0.999383993181709,0.9599536539093797,0.9984605869575123,0.9996323468642884,0.999403389500928,0.999568406937461,0.9586374499735189,0.832130343365527,0.8933633901315426,0.9866232017306138,0.9971286573692554,0.9977397935145358,0.9999666934104929,0.8409354140627521,1.0,0.9593073420475313,0.9232730941218678,0.8322311098121075,0.996568402410567,0.9969284099603675,0.8331648852683883,0.8291729799927862,0.9986820243658648,0.9990514388526474,0.9639497498445697,0.998363426918372,0.9987521360889302,0.9990712583241185,0.9700375138387971,0.9998579049734186,0.9997765737128667,0.9987019660803198,0.9987353821357906,0.9990609417257618,0.9525610189195409,0.898597292712132,0.9984712412427855,0.8340392890691114,0.9577015685824156,0.9996551541239662,0.9995259887157015,0.9699546259111547,0.999655364512733,0.9995249033177045,0.9700324125163675,0.999638932518417,0.999483154113905,0.9689476832840473,0.999483154113905,0.9689476832840473,0.9994831831319447,0.9689042042342713,0.9996116614532661,0.9994186932595878,0.9647827451347039,0.9462037103334908,0.8360357648994139,0.9980789021280904,0.998593305280986,0.9989996375274068,0.9627378054584316,0.9967753726717132,0.9996515922246554,0.9995138563607174,0.969993762904304,0.9593698927685397,0.9994847591051587,0.9996148313699446,0.9994539974092017,0.9992768965553915,0.999346174681068,0.9579809866862458
submission_grandmaster_pure.csv,0.9641637347240206,0.9557587453527903,0.956863975618323,0.9563459016402397,0.9686669736480461,0.8683744237826836,0.9566136599047619,0.954580739255581,0.9579785454264642,0.9579285975796594,0.9574650725689481,0.9580560716967561,0.9580629349110433,0.9635817431750736,0.9573584384853744,0.9579040085375704,0.9586787556860193,0.9587873494390131,0.9991460079994176,0.8604891656991907,0.8728325918158819,0.9716615312223655,0.9547670445977613,0.9546376978322403,0.9588544484789718,0.8706057511402804,0.9593073420475313,1.0,0.9350208641665205,0.8608225864617594,0.9526785881792249,0.9530582860186713,0.8611580097499677,0.8566911087876078,0.9575394455913607,0.9578453169880897,0.9670027323958301,0.9572986365703018,0.9576218102677497,0.9578706135288128,0.9705305943316513,0.9581574467060568,0.9579153119923954,0.9575814332701196,0.9576074823687923,0.9578625101400288,0.9455067835930244,0.8743682886283699,0.9551880079859637,0.8624589209504526,0.9643368439470972,0.958089871653966,0.9581771146039346,0.9695342316568414,0.9580851287208804,0.9581691182177202,0.9693195095798415,0.9580557047377176,0.9581064336510395,0.9660163777315187,0.9581064336510395,0.9660163777315187,0.9581062135973123,0.966030825160365,0.9580530564876375,0.9580797029649544,0.9636370144381851,0.9577348447350378,0.8639512143003143,0.9569910640171168,0.9574520869232513,0.9577964626727102,0.9653016140674364,0.9529011699009456,0.958081037067949,0.9581571159648711,0.9685582722467403,0.9545530184574518,0.9572745962994822,0.957323598434114,0.9584575354075596,0.9583193583517174,0.9586459547580676,0.9963918221379312
submission_grandmaster_sota_pure.csv,0.9330440099294383,0.9267504561958364,0.9266251079395657,0.928343777155175,0.9250131053615473,0.8575285057012514,0.9312954769845735,0.9287650596907718,0.9224249192870212,0.9218612336050566,0.9163241311405195,0.9246065441496888,0.9251811759334292,0.9332236375622851,0.9262328647768449,0.9228143231236302,0.9207256288116964,0.9211710010249924,0.934529375945012,0.8474534871230218,0.8537117471747868,0.9322429131334701,0.9322494639735787,0.9239941014647981,0.9233233835186961,0.860146948338205,0.9232730941218678,0.9350208641665205,1.0,0.8471340325169107,0.9143021592000132,0.915395031239074,0.8475884734552848,0.8458189043435623,0.9260733312735496,0.9258229813130046,0.9355642783922368,0.9265231590486128,0.9262452959819556,0.9259110736280588,0.9398852870039478,0.9229675836383583,0.9231074273066312,0.9262408084171314,0.9261886084974512,0.925876112770412,0.9093971210543927,0.8556625627689733,0.9186118935945862,0.8492043943979658,0.9209126688634781,0.9245220307559703,0.925105921843987,0.938721751551798,0.9245597176567286,0.9251646352669847,0.9393517442674408,0.9245114222567955,0.9250770064942637,0.9366772267243892,0.9250770064942637,0.9366772267243892,0.925077578789216,0.9367819493709251,0.9246156424349633,0.9252146722001354,0.9329457437334108,0.9137331904823501,0.851458068702145,0.9257140961384821,0.9257072129668017,0.9255950189262183,0.9317233026894509,0.9148338283184385,0.9245480531167514,0.9251430021301221,0.9381355784977857,0.9289309746928476,0.9232540226500905,0.9241127564460674,0.9209771794191128,0.9205128269835289,0.9208111741152902,0.9343664909996028
submission_grandmaster_unbiased.csv,0.8330092344454968,0.8237481015471697,0.8262754088675153,0.8314295180480761,0.8574373069318842,0.989625592508127,0.845030301089955,0.827355347719155,0.8333034137778329,0.8338399314242912,0.8953482746635936,0.8310863469857956,0.8305609314096442,0.8241529079842659,0.8281893970600995,0.8320257896152271,0.8343387330277273,0.8341964129277403,0.8618873180299186,0.9980442175982907,0.743028569303923,0.8509486484624113,0.8317947911255036,0.8349018776762521,0.8321547548942697,0.9900899406872347,0.8322311098121075,0.8608225864617594,0.8471340325169107,1.0,0.835322593064248,0.8355399894186104,0.9991877771773575,0.992721870536561,0.8283776597810475,0.8292500423182111,0.8300148270282183,0.8275192036817225,0.8284389543543054,0.8292509354633691,0.8337257628854818,0.8325148311711218,0.8320383494252429,0.8282909270178341,0.8283168906986543,0.8291713813527841,0.830373948208264,0.7436042096652197,0.8354148707726421,0.9977779910506536,0.8586910632905896,0.8310442761875183,0.8305823197538555,0.8322427591523088,0.8310994989606355,0.8306645965863766,0.8324211200643792,0.8311265763735788,0.8306826005059756,0.8300141919471904,0.8306826005059756,0.8300141919471904,0.8306835880641186,0.8304096755570737,0.8310209947691233,0.830489861045412,0.8231887458152175,0.8672626319946007,0.9946473506524012,0.8267480575515727,0.8279390123865197,0.8289687204280142,0.8300860815464448,0.8354725434414081,0.8311047778623498,0.8306644367490693,0.8310463225682068,0.8277944904197068,0.8308466535183759,0.8322245284404876,0.8342992170623229,0.834442016845579,0.8340961618608606,0.8629021327380975
submission_hurdle_calibrated.csv,0.9830908854777448,0.9901920519577957,0.9920407178326498,0.9898552732375702,0.9772797742329703,0.8400351694620685,0.9455197003250315,0.9430474248277465,0.9972519364523796,0.997537470430218,0.9187099562285703,0.9956613402174682,0.995152110789169,0.947599934416694,0.9932823039145754,0.9963815228620015,0.9981893780108102,0.9980681152437099,0.9523727031802958,0.835491764323727,0.8816245342847602,0.9860125439974917,0.9965768852274103,0.9989993966220587,0.9965580886552211,0.8415633712703171,0.996568402410567,0.9526785881792249,0.9143021592000132,0.835322593064248,1.0,0.9997335839098013,0.8362508569421992,0.8324309927878945,0.9934904398532737,0.9941922119073379,0.9515446102686957,0.9929173621869962,0.9936206320586797,0.9942503131608578,0.958156503862842,0.9968956542660291,0.9965792129719595,0.993516799574534,0.9935647663400803,0.9942141342095804,0.947647806420399,0.8875546859622065,0.999358279392618,0.8373147789843527,0.9580059178279487,0.99572245819055,0.9953080401052137,0.9577993959560974,0.9957434324813293,0.9953379629310146,0.9580396183357502,0.9957758831359041,0.995370044303281,0.9573968845786002,0.995370044303281,0.9573968845786002,0.9953702272050019,0.9573585879993364,0.995660098166812,0.9951685312469996,0.9523022750692582,0.9444366182860904,0.8384407122045994,0.9923806299252984,0.9932727623106375,0.9940530678409083,0.9495411841373307,0.9999595483640116,0.9957526309277489,0.9953458260267607,0.9582167895825306,0.9430234832154074,0.9957991801140867,0.996775220533204,0.9981270746307593,0.9982484311585509,0.997963333419338,0.9523416795188311
submission_hurdle_top.csv,0.9841852611590487,0.9913545093467773,0.9930505219173577,0.9908654618698683,0.9776073892065829,0.8403410352959721,0.9469225173249117,0.9442012312358514,0.9976313295079575,0.9978873525981026,0.9190100698714672,0.9962611616604324,0.9958377806716865,0.9496507437258622,0.9941968531829601,0.9968530682697552,0.9984276231968398,0.9983259053912172,0.9527180914137304,0.8356862620628465,0.8862091482335502,0.986648546648736,0.9970183877300406,0.9993376504414427,0.9969447069283032,0.841946952626949,0.9969284099603675,0.9530582860186713,0.915395031239074,0.8355399894186104,0.9997335839098013,1.0,0.8365115086243109,0.8325604977893069,0.9943835605616289,0.9950046042632941,0.9535114667181577,0.9938577915428961,0.9944879455988264,0.9950467004549156,0.959925731245424,0.9972961563636105,0.9970030782521018,0.9943948803113923,0.9944291257942904,0.9950085821243537,0.9491264117617089,0.8921463225623368,0.9996730262748519,0.8375180846022854,0.9584306264144611,0.9963073636756115,0.9959689956689162,0.9595513318891834,0.9963302682230389,0.996002079364772,0.9598157809882256,0.9963696396356353,0.9960448575073592,0.9592309948694981,0.9960448575073592,0.9592309948694981,0.9960450376479887,0.9591925239622007,0.9962695079608445,0.9958680690565476,0.9543493025569697,0.9451657312647891,0.8388468539349136,0.993346413145938,0.9941579532018139,0.9948605067207765,0.9514862039044452,0.9998930670319645,0.9963431397501712,0.9960154347412857,0.9600159217057506,0.9441767859064463,0.9962716972543458,0.9972199095194644,0.9983822528317474,0.9984839119823488,0.9981988427258982,0.952674275671956
submission_improved_top.csv,0.8338607585028993,0.824902386025768,0.8273924449728641,0.8324155281726867,0.858308742058735,0.9895898540510562,0.8452050096750965,0.8280233082020514,0.8342401619367411,0.834756665100395,0.8951822248707365,0.832096737069928,0.8315881626599991,0.8249907313176413,0.8292661842658291,0.8329826549973666,0.835235943500727,0.8351007146315906,0.8622159740824964,0.9976593458963307,0.7439089016063146,0.8514600294030745,0.8327114971278058,0.8358377567899702,0.8331031471655107,0.9902426614374296,0.8331648852683883,0.8611580097499677,0.8475884734552848,0.9991877771773575,0.8362508569421992,0.8365115086243109,1.0,0.991802376538562,0.82944499330784,0.8303042999511522,0.8308189167052661,0.8286202783977564,0.8295215804407294,0.8303154869729262,0.8346355973656344,0.8334772817690265,0.8330101122366025,0.829372156557413,0.8293979332083429,0.8302348928302185,0.8304557337690114,0.74458785403212,0.8363847714817668,0.9974606423632271,0.859557324000647,0.8320564255473473,0.8316117687173711,0.8331010978795378,0.8321086756930507,0.8316895942552684,0.8332615629493659,0.8321366513209237,0.8317090442955711,0.8308026562411659,0.8317090442955711,0.8308026562411659,0.831709973444016,0.8311928364445205,0.8320339869296928,0.8315205371969778,0.8239648151820322,0.8672142268310552,0.9949325218540754,0.8278559967832801,0.8290263088775355,0.8300360174680638,0.8310740076514768,0.8364197375563005,0.8321181600663693,0.8316957942557801,0.8318994172387303,0.8284529846459164,0.8318377266496819,0.833202400621691,0.8352124309336669,0.8353489902672793,0.8349994831662032,0.8632788551173184
submission_lgbm_baseline.csv,0.8296132992163725,0.8207950130418259,0.8232900738449558,0.8283680355214883,0.8538423895142127,0.9832724057648113,0.8428332585396437,0.8231019099235366,0.8301917803019807,0.8307190482021669,0.8905917688740651,0.828017127907856,0.8275027350147672,0.820484800269949,0.8252523648328898,0.8289399528631461,0.8313489446788344,0.831194368826245,0.857811318842417,0.9936149020894263,0.7402615992485216,0.8481655429925158,0.8296606582702181,0.832343661735537,0.8290854728836919,0.9841445232772796,0.8291729799927862,0.8566911087876078,0.8458189043435623,0.992721870536561,0.8324309927878945,0.8325604977893069,0.991802376538562,1.0,0.8252811738888216,0.8261719000446491,0.8259006103434143,0.8245054236783395,0.8254169181969798,0.8262214895970565,0.829934270472291,0.8294422470476549,0.8289575295501687,0.8253135737133117,0.8253055892685112,0.8261491689461632,0.8298853541571605,0.7408036778026453,0.8323914925599877,0.9930267570057342,0.8548145963377328,0.8279863929375151,0.82754080333048,0.8285614424724841,0.8280640459831685,0.8276572447909877,0.8288992058210355,0.8281428700082203,0.827754270320418,0.8268961796154701,0.827754270320418,0.8268961796154701,0.82775522748698,0.827287000479339,0.82802698621401,0.8275473987942374,0.8201672991421345,0.8668005515243962,0.9885777934327447,0.8235043631714484,0.8247472407090691,0.8258278493819401,0.8251941849478779,0.8325479276105063,0.8280778402801401,0.8276701341878664,0.8276125712030976,0.8235325921973838,0.8277520219465745,0.8292317345484173,0.8312175030774485,0.8313657519571265,0.8310138820621562,0.8585518793740596
submission_managerial_hazard_master_70_30.csv,0.992214471605324,0.9992541202669954,0.9997039765851641,0.9975721317384006,0.9729593883332982,0.8358648129716387,0.9583257048668617,0.9632426190048482,0.9985977156704104,0.998301697017932,0.9172707729622677,0.999494192086958,0.9996530866660338,0.9664827689733625,0.9997720114679085,0.9987308872839291,0.9971383041743557,0.9974473164528112,0.956637471248459,0.8281170789998131,0.902868856139081,0.9861591859076123,0.996008166988361,0.9958098460893475,0.9988136616128923,0.8381195238744304,0.9986820243658648,0.9575394455913607,0.9260733312735496,0.8283776597810475,0.9934904398532737,0.9943835605616289,0.82944499330784,0.8252811738888216,1.0,0.9999592172032837,0.970590563581118,0.9998377669743693,0.9998758289024376,0.9998556501874746,0.9752432033107626,0.9987533320906657,0.9988425624792512,0.9998699337658601,0.9998601306326566,0.9998459114788772,0.9553978976106017,0.9081562673511242,0.9964460013461064,0.8300847230324083,0.9556362352155743,0.9994676463276878,0.9996649916465751,0.9752330527885864,0.9994635339176011,0.9996576969635614,0.9753047516871562,0.9994328789861185,0.999596008549499,0.9742187625131512,0.999596008549499,0.9742187625131512,0.999596035675241,0.9741743929349841,0.9994989022698575,0.9996775524892343,0.9711151215150042,0.9462149304164483,0.8325601241948518,0.9997685357220413,0.9998726667727525,0.9998835222387132,0.9691118619386719,0.9939096797935878,0.9994597089762202,0.9996473820196985,0.9752653572153498,0.9632022367025248,0.9989120395280199,0.9987786735040822,0.9973576664978622,0.9970393171351459,0.9971458322887353,0.9560096767164927
submission_managerial_hazard_master_80_20.csv,0.9921053720633888,0.9990716410447409,0.9996373649105309,0.9975152211872342,0.9735529223288769,0.8366033197630172,0.9580939196433611,0.9630067749657173,0.9989780787405724,0.9986948697187065,0.9177268462489738,0.999704007535706,0.9997867527560854,0.9654753069725274,0.9997406868098861,0.9990817869636883,0.9976310730876206,0.9979244550970238,0.9569886617998287,0.8290355127120025,0.9014853871446308,0.9864960049962004,0.9963787525808777,0.996322654888209,0.9991774156976204,0.8388018586884657,0.9990514388526474,0.9578453169880897,0.9258229813130046,0.8292500423182111,0.9941922119073379,0.9950046042632941,0.8303042999511522,0.8261719000446491,0.9999592172032837,1.0,0.9695053889149243,0.9998202598544818,0.9999137907809603,0.9999470964159957,0.9746463340771496,0.9991330071290108,0.9992053543770965,0.9999017911043179,0.9999027564763862,0.9999404027472936,0.9553071904337005,0.9067877512434193,0.9969892650897169,0.8309906621542803,0.9561582272872112,0.9997149935222869,0.9998574844242926,0.974657128980928,0.9997116176981367,0.9998512502488119,0.9747302914892864,0.9996886414667688,0.9998009803613404,0.9736922601145231,0.9998009803613404,0.9736922601145231,0.9998010022270344,0.9736478903377042,0.9997272596887227,0.9998399257777009,0.9703012943610979,0.946525221256664,0.8333852126018948,0.9996863422231042,0.9998635796482493,0.9999446361398949,0.9682171925146084,0.9945790748870428,0.9997085416699448,0.9998419553454805,0.9746966665582806,0.9629668212772718,0.9992386799641841,0.9991407545528983,0.9978384359069816,0.9975358701105765,0.9976292699825334,0.956379272695784
submission_managerial_hazard_pure.csv,0.9773939002441728,0.9717352404368501,0.970721733471176,0.9701519086955365,0.9547952481253367,0.8393520293883426,0.9620917434343825,0.9716233935965083,0.9631014493048364,0.962304276516882,0.9235547535019686,0.9667493692453837,0.9678306746064994,0.9870985231496265,0.9700962671092472,0.9641506103815869,0.9598140352139128,0.9604733060222576,0.9654578841551772,0.8291312738515291,0.902328433599722,0.9679077062226129,0.959657551317537,0.9570019665026531,0.9641687572093317,0.8422212253998379,0.9639497498445697,0.9670027323958301,0.9355642783922368,0.8300148270282183,0.9515446102686957,0.9535114667181577,0.8308189167052661,0.8259006103434143,0.970590563581118,0.9695053889149243,1.0,0.9701874857439258,0.9695040691905126,0.9687811452273764,0.9882333606073789,0.9637350935397342,0.9641334682528916,0.969570722253986,0.9694524994006066,0.9687488287411605,0.9477045032801034,0.9057240872196229,0.9575640604995194,0.8311294362724558,0.9464203347784175,0.9663405941813487,0.9672440664020024,0.9871991524744671,0.9663118507142657,0.9672003946816092,0.9869629608984141,0.9661467317073925,0.9669361257678741,0.9821750120405671,0.9669361257678741,0.9821750120405671,0.966937134778218,0.9822981363794087,0.9665492521924196,0.9675407334486545,0.9851197428948908,0.9412898019342548,0.8341839246908573,0.9708935089523163,0.9700722134345556,0.9691822325941891,0.9891235029476444,0.9523947195994585,0.9662840345418563,0.9671552064268714,0.9857873745218955,0.971679213652631,0.9648371753998327,0.9639061923413325,0.9602714833587044,0.9595957367169562,0.9600175955140703,0.9643581839366215
submission_managerial_record_pb_60_40.csv,0.9925098412275135,0.9996411557468581,0.9999407927110073,0.9978146770378633,0.9724710422690019,0.8352106727319141,0.959940869423246,0.9634711693382958,0.9982252852364092,0.9979014967968431,0.9166529420577963,0.9992170018265415,0.999394922223203,0.9665392373089604,0.9996822077184799,0.9984189829430132,0.996744498522475,0.9970635585526962,0.9564213192051924,0.8273478136749032,0.9035551035079291,0.9862394752142664,0.995748057955497,0.9954007635429177,0.9984966147530094,0.8374995749284554,0.998363426918372,0.9572986365703018,0.9265231590486128,0.8275192036817225,0.9929173621869962,0.9938577915428961,0.8286202783977564,0.8245054236783395,0.9998377669743693,0.9998202598544818,0.9701874857439258,1.0,0.9999698572351446,0.9998842009951302,0.976293818780142,0.9984246732853618,0.9985237471103136,0.9999539843652742,0.9999563951719481,0.9998759248778013,0.9565527489576314,0.908869368407825,0.9959758583811931,0.829311311446185,0.9552831296043559,0.9992976053000765,0.9995706001971829,0.9763013546474484,0.999299914659879,0.9995733454715249,0.9764423298616056,0.9992929653523448,0.999548183974022,0.9755731630529692,0.999548183974022,0.9755731630529692,0.9995482203756003,0.9755286464139958,0.9993047267893539,0.9995469647371215,0.972001446018233,0.9467033894328912,0.8318491420987417,0.9997499798924692,0.9998334797895821,0.9998248132958558,0.9694109866869479,0.9933544677179441,0.9992965910392986,0.9995639793927498,0.9764121375126213,0.9634289093081111,0.998615145185586,0.9984572164238823,0.9969706614636022,0.9966419412389974,0.9967626936988461,0.9557711567885588
submission_managerial_record_pb_70_30.csv,0.9923769392273785,0.99942587129043,0.9998536662159286,0.9977348058744274,0.973072090291446,0.8359766828532701,0.9593705020419522,0.9632693473636292,0.9986359806813305,0.9983287151673863,0.9171863054874076,0.9994746919900788,0.9995900526591097,0.965791806591527,0.9997083038716216,0.9987918243969619,0.9972447712333589,0.9975496258527699,0.9567722582263629,0.828278863659716,0.9023436401290335,0.9864982536451048,0.996120426339644,0.9959192915125551,0.9988807835880652,0.8382142741826257,0.9987521360889302,0.9576218102677497,0.9262452959819556,0.8284389543543054,0.9936206320586797,0.9944879455988264,0.8295215804407294,0.8254169181969798,0.9998758289024376,0.9999137907809603,0.9695040691905126,0.9999698572351446,1.0,0.9999720764237687,0.9755925567160726,0.9988238839567601,0.9989077633297417,0.999982119359582,0.9999894800501797,0.9999657517018786,0.9562035120769103,0.9076621311745338,0.9965339239169066,0.8302338062649912,0.9557955259696651,0.9995555817014162,0.9997672321317728,0.9756117573000632,0.9995567259427044,0.9997680853135,0.9757348906070792,0.9995493534663732,0.999741948465151,0.9748433240285039,0.999741948465151,0.9748433240285039,0.9997419783438966,0.9747988659977403,0.9995546675912995,0.9997303075224971,0.9711783830520768,0.9468378529097579,0.8326954809432009,0.9997186180703248,0.9998630285140684,0.9999126834805214,0.9686848323251264,0.9940287465979665,0.999553830102629,0.9997592296097336,0.975705824248075,0.963227974701761,0.9989663320754733,0.9988413165180834,0.9974603448260072,0.997146027259635,0.9972532730039201,0.9561417935310547
submission_managerial_record_pb_80_20.csv,0.9921890999042641,0.9991630097621481,0.9997133355090092,0.9975991561932421,0.9735998120667884,0.836639276982144,0.9587537405270917,0.9629992730746953,0.9989771791389555,0.9986864263517369,0.9176413365194502,0.9996667271328429,0.9997215705502616,0.9650093816933166,0.9996766965121175,0.9990962979043009,0.9976740091819296,0.9979647543885134,0.9570479599581355,0.8291023834951038,0.9011402395098291,0.9866937426158564,0.996427389502528,0.996368515612293,0.9991954581741961,0.838826860984498,0.9990712583241185,0.9578706135288128,0.9259110736280588,0.8292509354633691,0.9942503131608578,0.9950467004549156,0.8303154869729262,0.8262214895970565,0.9998556501874746,0.9999470964159957,0.9687811452273764,0.9998842009951302,0.9999720764237687,1.0,0.9748531511298918,0.9991533901253099,0.9992224161068946,0.9999523881814977,0.9999644869117008,0.9999955242768704,0.9558110505461982,0.906463409929954,0.9970206071311313,0.8310494769428358,0.9562355613733544,0.9997479213498747,0.9999002217920014,0.9748836763349937,0.9997479807140796,0.9998993086160863,0.9749901173924757,0.9997402397841971,0.9998723083409021,0.9740790262872826,0.9998723083409021,0.9740790262872826,0.9998723323784461,0.974034601444539,0.9997392579216599,0.999850497846789,0.9703253986770759,0.9469079368135496,0.833435788658513,0.9996319166317768,0.9998347974248237,0.999940597932237,0.96792080051164,0.9946302022093977,0.9997454980742588,0.9998909510993486,0.9749633419427363,0.9629586443938735,0.999249016915665,0.9991563187082506,0.9978789529651722,0.9975789444942093,0.9976728082940682,0.9564366892358179
submission_managerial_record_pure.csv,0.9838111428147255,0.9779187473287602,0.9768567080861447,0.9764031358085097,0.9586948625201972,0.8432586985349001,0.9756056717039612,0.9767612095523207,0.9689668371785736,0.9681687774166424,0.9244046399880066,0.9721301930932377,0.9729499388308234,0.9835387156699723,0.9750818106168064,0.9700074348009605,0.9663327092434645,0.9669327981397007,0.9695771571684662,0.8334160245685478,0.9023944394444927,0.9768521955524598,0.9659135498042051,0.963363782495353,0.9701826612366563,0.8460203322020717,0.9700375138387971,0.9705305943316513,0.9398852870039478,0.8337257628854818,0.958156503862842,0.959925731245424,0.8346355973656344,0.829934270472291,0.9752432033107626,0.9746463340771496,0.9882333606073789,0.976293818780142,0.9755925567160726,0.9748531511298918,1.0,0.9697340560451319,0.9700538316147355,0.97556094171072,0.9755455117944475,0.9748236580402703,0.9575188427291176,0.9060920649914098,0.9637950388800495,0.8353454871195489,0.9501136436409044,0.9723198786324809,0.9732883205075819,0.9974612994867021,0.9723258689103167,0.9732984450139853,0.998057263012272,0.9722839527582285,0.973222079288335,0.9938937365786974,0.973222079288335,0.9938937365786974,0.9732231771067802,0.9940198667687794,0.9723406063187549,0.9732928127492599,0.9902191753703908,0.9500963687743796,0.8383659906142417,0.975899613145237,0.97535588674333,0.9747315854539739,0.988531743419703,0.9589261086237129,0.9723063739728446,0.9732654439567024,0.9962260762744966,0.976819570104852,0.9705928649873102,0.9697724817468827,0.9667480323238786,0.9661314540342952,0.9665649147759973,0.9682824242740595
submission_master_champion_70_30.csv,0.9900795049755545,0.996697653076701,0.997917817772052,0.9958019086726407,0.9756257420318916,0.8389718305755738,0.9541411903812306,0.9601236680173285,0.999893317844407,0.9997023289150221,0.9190887897477246,0.9997442059464765,0.9994672468424806,0.9596511674415593,0.9985103591366509,0.9998095452362354,0.9991216632240765,0.9993259894136389,0.9574887945958198,0.8324377521830613,0.8938540942184768,0.9868280770340058,0.9972337943231689,0.997981456337327,0.9999546908116054,0.8408884541925697,0.9998579049734186,0.9581574467060568,0.9229675836383583,0.8325148311711218,0.9968956542660291,0.9972961563636105,0.8334772817690265,0.8294422470476549,0.9987533320906657,0.9991330071290108,0.9637350935397342,0.9984246732853618,0.9988238839567601,0.9991533901253099,0.9697340560451319,1.0,0.9999816710667119,0.9987705827557505,0.9988069925787951,0.9991428665943667,0.9526726135552032,0.8992260908434783,0.9988189623048406,0.8343435399027891,0.9577298076217104,0.9998102302861045,0.9996278177407154,0.9696527248141973,0.9998109634359295,0.9996274212412819,0.9697423303525093,0.9997966447471083,0.9995889704119331,0.9687086066855425,0.9995889704119331,0.9687086066855425,0.9995889776601254,0.9686644614413699,0.999762549046895,0.9995136757854898,0.9644979406473947,0.9462784873073924,0.8362579080177993,0.9981460420073341,0.9986687882778055,0.9990837086825116,0.9625419281548904,0.9971175334363311,0.9998067553239909,0.999615737947249,0.969707291448919,0.9600871377618885,0.9998221422872027,0.9999236754909357,0.9992709448483876,0.9990592268789498,0.9990737225850654,0.957009601699008
submission_master_champion_80_20.csv,0.9901935407248238,0.9968505940623146,0.9980375226999941,0.9959108899643083,0.9753275869524765,0.8385139124494421,0.9543121652184863,0.961093897088058,0.9998364132746903,0.9995963215742247,0.9187525027229413,0.999786122051097,0.9995062392226665,0.9600417415755184,0.9985954151390598,0.9998267963570611,0.9988534647429839,0.9990881717770893,0.9572131320132233,0.8319548720702075,0.8943939095130553,0.9866684143080945,0.9970539834489538,0.9977368440083919,0.9999145337232732,0.84044418065504,0.9997765737128667,0.9579153119923954,0.9231074273066312,0.8320383494252429,0.9965792129719595,0.9970030782521018,0.8330101122366025,0.8289575295501687,0.9988425624792512,0.9992053543770965,0.9641334682528916,0.9985237471103136,0.9989077633297417,0.9992224161068946,0.9700538316147355,0.9999816710667119,1.0,0.9988579359458891,0.9988938511156753,0.9992137972874862,0.95272001184335,0.8997749133771861,0.9986325473394305,0.8338673905810057,0.9574482128438276,0.9998532282937469,0.9996683027488137,0.9699954372769936,0.999852794522901,0.9996660936242092,0.9700768916504567,0.9998356389316654,0.9996233921401181,0.9690315549587407,0.9996233921401181,0.9690315549587407,0.9996233861943781,0.9689865627340449,0.9998066760480054,0.9995559115500267,0.9648928732017911,0.9461272483297719,0.8357966949810964,0.998265560300239,0.9987675508364596,0.9991623196019073,0.9629862370164347,0.9968103878246817,0.9998476438363734,0.9996530586385425,0.9700340565624112,0.961055247265039,0.9999177406601026,0.9999544708258359,0.9990416418378486,0.9988003575418908,0.9988186548873045,0.9567545774157564
submission_pb46432_golden_hybrid.csv,0.9924020593953963,0.9994663349878112,0.9998737558535249,0.9977538433008428,0.9729787435896678,0.8359418045038987,0.9595169109739319,0.9633368882930758,0.9985907124692395,0.9982847127761253,0.9171657873766269,0.9994582312645243,0.9995904079843381,0.9660611961515546,0.9997714937229193,0.998749334439748,0.9971703787060796,0.9974778159799886,0.9567117377961167,0.8281378212831988,0.9026300680229525,0.986489964518849,0.9960630638189422,0.9958420969421362,0.9988314674560694,0.8381666240851655,0.9987019660803198,0.9575814332701196,0.9262408084171314,0.8282909270178341,0.993516799574534,0.9943948803113923,0.829372156557413,0.8253135737133117,0.9998699337658601,0.9999017911043179,0.969570722253986,0.9999539843652742,0.999982119359582,0.9999523881814977,0.97556094171072,0.9987705827557505,0.9988579359458891,1.0,0.999991036881607,0.9999586820314762,0.9563480872991801,0.9079343801643102,0.9964541487829945,0.8300951020910302,0.9557059217759595,0.9995240423057924,0.999744097455825,0.9757144401399347,0.9995226512884221,0.9997410520872461,0.9758068113394724,0.999525983928946,0.9997312384051857,0.975011923608137,0.9997312384051857,0.975011923608137,0.9997312622778173,0.9749672550717906,0.9995533385393807,0.9997537241548005,0.9715847486909801,0.9468854535268885,0.8326163080664973,0.9997136098265711,0.9998531205399659,0.9998981166151378,0.9687133201847057,0.9939281776236942,0.9995289177132389,0.9997462086839404,0.975859470983808,0.9632951472938986,0.9989240540598338,0.998792311735949,0.9973733334341179,0.9970553870542017,0.9971629636481162,0.9560489785088121
submission_pb46432_push_70_30.csv,0.9924001643779304,0.9994563389574296,0.9998737060910883,0.9977528222990926,0.9730100435069422,0.8359171069051636,0.9593873461985533,0.9633746908118783,0.9986180622820788,0.9983079775492704,0.9171537852958938,0.9994547423517739,0.9995656296314175,0.9657616733631686,0.9996945967014685,0.9987779421826238,0.9972090570852877,0.9975164107012531,0.9567547660482189,0.8281588704165045,0.9023351133494869,0.986459821303928,0.9960689458429025,0.9958636856654053,0.9988656096699046,0.8381451634097521,0.9987353821357906,0.9576074823687923,0.9261886084974512,0.8283168906986543,0.9935647663400803,0.9944291257942904,0.8293979332083429,0.8253055892685112,0.9998601306326566,0.9999027564763862,0.9694524994006066,0.9999563951719481,0.9999894800501797,0.9999644869117008,0.9755455117944475,0.9988069925787951,0.9988938511156753,0.999991036881607,1.0,0.9999717902433197,0.9561813835251628,0.9076488055215449,0.9964891267464363,0.8301186690564246,0.9557370457264327,0.9995501921886988,0.9997650948465573,0.9757146315943427,0.999546327277604,0.9997582592966695,0.9757825304731996,0.9995427811021913,0.9997379112583107,0.9749264659240445,0.9997379112583107,0.9749264659240445,0.9997379329099608,0.9748816336785163,0.9995463854583594,0.9997237211198192,0.9712605898255825,0.946793783341871,0.8325998394412841,0.9997224171855636,0.999865366646522,0.9999135252381212,0.9687237507153574,0.9939707965126104,0.999546750938487,0.999754488642245,0.9757860061519281,0.9633323621838285,0.998958952404746,0.9988249081155713,0.997417775912162,0.9971003506967678,0.9972087855297235,0.9561028644137527
submission_pb46432_push_80_20.csv,0.9922048734736653,0.9991831312078375,0.9997267924889839,0.997611360478599,0.9735595895966632,0.83660126967718,0.9587661591647628,0.9630683914559116,0.9989660266214486,0.9986734780450253,0.9176210000883016,0.9996541930020337,0.9997061491567352,0.9649902906795508,0.999668272277605,0.999087532354933,0.9976513794113957,0.9979437490889995,0.9570378918674329,0.8290241101320065,0.9011346160490992,0.986669290437183,0.9963943798636865,0.9963326409019909,0.9991861139835327,0.8387826063707532,0.9990609417257618,0.9578625101400288,0.925876112770412,0.8291713813527841,0.9942141342095804,0.9950085821243537,0.8302348928302185,0.8261491689461632,0.9998459114788772,0.9999404027472936,0.9687488287411605,0.9998759248778013,0.9999657517018786,0.9999955242768704,0.9748236580402703,0.9991428665943667,0.9992137972874862,0.9999586820314762,0.9999717902433197,1.0,0.955796708964855,0.9064545479809605,0.9969917311336911,0.830974502872293,0.9561976707782361,0.9997449006232165,0.9998993511711057,0.9749513352931766,0.9997416799759709,0.9998934059219631,0.9750220262551996,0.9997364537872471,0.9998702092561325,0.9741338689300029,0.9998702092561325,0.9741338689300029,0.9998702280791689,0.974089206756241,0.9997343593051579,0.9998467420906266,0.9703792669991483,0.9468797207677617,0.8333739325519237,0.9996349234148794,0.9998368623425211,0.9999416915051106,0.9679471425258208,0.9945926554425231,0.9997413714830475,0.9998883768982391,0.9750162245678788,0.9630271721076514,0.9992445587780913,0.9991460284391634,0.9978517401102084,0.9975497022084566,0.9976443659389403,0.9564123241595438
submission_plan_b_7horizon.csv,0.9601373842191241,0.9572134902696362,0.956811380209156,0.9564382770174611,0.9520728573579021,0.8354547145744865,0.9610324748185083,0.935109549633038,0.9523996139158762,0.9520781040580303,0.9192328132939172,0.9539151617403939,0.9543918030741749,0.9474832471384593,0.9559843323980568,0.9525460807940775,0.9513513649428428,0.9516168796252099,0.9448188538736146,0.8308201313605911,0.8830720865087914,0.9661242106638449,0.9508314849433682,0.9505747273798265,0.9526821268200041,0.8376950674813264,0.9525610189195409,0.9455067835930244,0.9093971210543927,0.830373948208264,0.947647806420399,0.9491264117617089,0.8304557337690114,0.8298853541571605,0.9553978976106017,0.9553071904337005,0.9477045032801034,0.9565527489576314,0.9562035120769103,0.9558110505461982,0.9575188427291176,0.9526726135552032,0.95272001184335,0.9563480872991801,0.9561813835251628,0.955796708964855,1.0,0.8866824242023642,0.9508871090347305,0.8325806649804666,0.9432848653697615,0.9542253072148685,0.9549168642839934,0.9574365922034396,0.9543159254640678,0.9550566403671881,0.9587301390074401,0.9546358024885211,0.9555358529230297,0.9624522087074314,0.9555358529230297,0.9624522087074314,0.9555358589195273,0.9624451799915377,0.9545347051282448,0.9553641760380853,0.9584870568257698,0.9664173740387071,0.8335232714235272,0.955428289708929,0.9554257143118897,0.9553330800680746,0.9462022700649138,0.9483040970440666,0.954399671420385,0.9551808782202749,0.9599371805802501,0.9351207735522631,0.952700691845023,0.9527163004894909,0.9514341631929848,0.9511509196608949,0.9512081230452553,0.9443171115107807
submission_podium_blend.csv,0.9061661748092383,0.9124487992466395,0.9100523224640217,0.9087582778666009,0.8814623367151992,0.7486548109003637,0.8850204923850571,0.8888854041096586,0.8983213837350799,0.8973343245530325,0.8335084502667585,0.903015750118198,0.9044586965340571,0.9045272913948295,0.9085123895435774,0.9013753232344105,0.8948590686126536,0.8954724507179597,0.8728282395455474,0.7435162469238801,0.9989092179124381,0.8944787860198236,0.8976770755864051,0.895003291516074,0.8991518877416326,0.751126274206874,0.898597292712132,0.8743682886283699,0.8556625627689733,0.7436042096652197,0.8875546859622065,0.8921463225623368,0.74458785403212,0.7408036778026453,0.9081562673511242,0.9067877512434193,0.9057240872196229,0.908869368407825,0.9076621311745338,0.906463409929954,0.9060920649914098,0.8992260908434783,0.8997749133771861,0.9079343801643102,0.9076488055215449,0.9064545479809605,0.8866824242023642,1.0,0.8949862961425975,0.7455050703273391,0.8704663343709688,0.9027845921825239,0.904100494708638,0.9064890323671791,0.9028373968715597,0.9041847661271795,0.9071029999889197,0.9029306467943155,0.9043215891850569,0.9078182862632806,0.9043215891850569,0.9078182862632806,0.9043207570333355,0.9077307366206423,0.9032907980659384,0.9048786347756606,0.9102684921402978,0.868075523330701,0.7488764468778052,0.9094172160066585,0.908075842755907,0.9067398243003285,0.9045258690764266,0.8892586578788241,0.9028746571945256,0.9042396650148836,0.9077960826644864,0.8887707660946286,0.9008664913729185,0.8999941873932541,0.8954071809876089,0.8947909832818517,0.8949608695020523,0.8719221422647372
submission_podium_roadmap_blend.csv,0.9867172661239285,0.9937127471692103,0.9952631488170102,0.9931207469511466,0.9775429182052551,0.840740774748038,0.9500174560493595,0.9504744381066808,0.9990026449893218,0.9990929853941654,0.9196692716766649,0.9980485068147488,0.997661278752733,0.9535908750042085,0.9962369788495773,0.9984549638993593,0.9991644217262804,0.9991782617858657,0.9547269264279525,0.8354861838971498,0.88923933492562,0.9873047867204557,0.9976650890583224,0.9994649061185799,0.9985418750997788,0.8424443380790083,0.9984712412427855,0.9551880079859637,0.9186118935945862,0.8354148707726421,0.999358279392618,0.9996730262748519,0.8363847714817668,0.8323914925599877,0.9964460013461064,0.9969892650897169,0.9575640604995194,0.9959758583811931,0.9965339239169066,0.9970206071311313,0.9637950388800495,0.9988189623048406,0.9986325473394305,0.9964541487829945,0.9964891267464363,0.9969917311336911,0.9508871090347305,0.8949862961425975,1.0,0.8373381205921786,0.9587859109083418,0.9981000856507326,0.9978007256576777,0.9635154204442201,0.9981153008896536,0.9978221909054492,0.9637217472776368,0.9981362399523704,0.9978370404925847,0.9629869395470838,0.9978370404925847,0.9629869395470838,0.9978371455694419,0.9629468424596863,0.9980590394450378,0.9976952652524063,0.9583109322353843,0.9461460276648466,0.8388579741161817,0.9955446361242711,0.9962645403887728,0.9968750144710743,0.9558160563833593,0.9995405893497364,0.9981224211012122,0.9978270906339523,0.9638368237920912,0.9504459950619597,0.9981215725452208,0.9987764014196857,0.9992112085655607,0.9991959109170164,0.9990036304926846,0.9545804413064366
submission_reproduced_0615.csv,0.8348314769407686,0.8255562895043758,0.8280779714257153,0.8331105466188831,0.8597879324545165,0.9889642527593587,0.8469526844320026,0.8286851889277057,0.8350992441609529,0.8356214218583843,0.8966388126598803,0.8328393312738996,0.8322759774285632,0.8252545909735977,0.829917864220752,0.8338368008234359,0.8361810740929022,0.8360341046728034,0.8635363062482907,0.9990837268521138,0.7450237080191155,0.8531094478910151,0.8338494714962099,0.8369062919878831,0.833968654532897,0.9896685670604305,0.8340392890691114,0.8624589209504526,0.8492043943979658,0.9977779910506536,0.8373147789843527,0.8375180846022854,0.9974606423632271,0.9930267570057342,0.8300847230324083,0.8309906621542803,0.8311294362724558,0.829311311446185,0.8302338062649912,0.8310494769428358,0.8353454871195489,0.8343435399027891,0.8338673905810057,0.8300951020910302,0.8301186690564246,0.830974502872293,0.8325806649804666,0.7455050703273391,0.8373381205921786,1.0,0.8612310672048104,0.8328586614323865,0.8323904519842766,0.833932027811073,0.8329167811627989,0.832477188616924,0.834136030993919,0.8329744323656001,0.8325414280171731,0.8319391357438247,0.8325414280171731,0.8319391357438247,0.8325423912306037,0.8323286078618893,0.8328399245359223,0.8323048478007363,0.8248703607049367,0.868951875238157,0.9962801152208278,0.828507392299462,0.8297089125100618,0.8307503807935509,0.8314332929464305,0.8374561614802427,0.8329321836354011,0.8324924188740387,0.8328441481572182,0.8291135025802309,0.832678013757209,0.8340817393811181,0.8361155903001951,0.8362614987283987,0.8359040364189454,0.8644806572041802
submission_sota_night_candidate.csv,0.9570861903098394,0.9531109489936312,0.9545904375481069,0.9534935117630904,0.9956840857686617,0.8646888519043969,0.9419925964791532,0.9326506832342238,0.958132439022703,0.9584014013225031,0.9481321264329315,0.9569525914920318,0.9566450473609683,0.9416713588964127,0.9553590640074412,0.9572907323590555,0.9586666048009997,0.958625186109068,0.9646357511357775,0.8591023198285831,0.8681266439435819,0.9674133604381424,0.9569333457294251,0.9585007419249795,0.9576162139792713,0.8668135906758818,0.9577015685824156,0.9643368439470972,0.9209126688634781,0.8586910632905896,0.9580059178279487,0.9584306264144611,0.859557324000647,0.8548145963377328,0.9556362352155743,0.9561582272872112,0.9464203347784175,0.9552831296043559,0.9557955259696651,0.9562355613733544,0.9501136436409044,0.9577298076217104,0.9574482128438276,0.9557059217759595,0.9557370457264327,0.9561976707782361,0.9432848653697615,0.8704663343709688,0.9587859109083418,0.8612310672048104,1.0,0.9570902494788611,0.9569181657662944,0.9489507395422454,0.957117588301126,0.9569577779416018,0.9494207795740517,0.9571680265796436,0.9570168878482452,0.9480526897641979,0.9570168878482452,0.9480526897641979,0.9570169904940498,0.9480159845402834,0.9570555274600903,0.9568213088943325,0.9433438459905245,0.9592954639230364,0.8623500874475976,0.9546675920904364,0.9553932674088688,0.9560046047584713,0.9418097857061697,0.9582313732676668,0.9571381172329542,0.9569833664230087,0.9494211354757677,0.9326458973552549,0.9567320573226352,0.957507667019173,0.958745588345275,0.9587916039487347,0.958663997991878,0.9670521922949585
submission_star_power_champion_golden_quad.csv,0.9912580702931983,0.998041884680445,0.9989553044650542,0.9968385737769374,0.9747390092107203,0.8379361240141499,0.9564492333446406,0.9622272956276854,0.9996491511324923,0.9993833352670457,0.9184623925072049,0.9999227282166452,0.999785128434339,0.9623821065012373,0.9992497169052426,0.9996990381416107,0.9985093031264545,0.9987711381376845,0.9573334885307698,0.8309311937727631,0.8974328257128983,0.9868483203422287,0.9969434564526499,0.997301343248009,0.9997898961667692,0.8399756870613247,0.9996551541239662,0.958089871653966,0.9245220307559703,0.8310442761875183,0.99572245819055,0.9963073636756115,0.8320564255473473,0.8279863929375151,0.9994676463276878,0.9997149935222869,0.9663405941813487,0.9992976053000765,0.9995555817014162,0.9997479213498747,0.9723198786324809,0.9998102302861045,0.9998532282937469,0.9995240423057924,0.9995501921886988,0.9997449006232165,0.9542253072148685,0.9027845921825239,0.9981000856507326,0.8328586614323865,0.9570902494788611,1.0,0.999960468224383,0.9723399871494269,0.9999982104879037,0.9999564553082276,0.9724152399154596,0.9999859535773699,0.999921801674603,0.9714310762061003,0.999921801674603,0.9714310762061003,0.99992180483086,0.9713862682156038,0.9999687318410561,0.9998735349887931,0.9674538846126364,0.9466425111263999,0.8349961056134422,0.9990473736783877,0.9994207807109515,0.9996909525676826,0.9653418901745507,0.9960179446784728,0.9999950461608967,0.9999467251484627,0.9723841308267509,0.962187660553948,0.9998236547870267,0.9997982903346353,0.9987055849064609,0.9984358835957072,0.9984877938066641,0.9568046996215076
submission_star_power_champion_master_70_30.csv,0.9916760287689349,0.9985175390823094,0.9992970412589323,0.9971870016125602,0.9744549085905417,0.8376849548545944,0.9574081821946965,0.9622944192787912,0.9994747904555056,0.9992164399336549,0.9183395928982057,0.9998785796847668,0.9998184124684666,0.9633658244679766,0.9994648778654666,0.9995242771697889,0.9983426369134503,0.9986057033991286,0.9574059296286683,0.830456951669292,0.8987662940140386,0.9869157115957042,0.9968668394507233,0.9970794562467838,0.9996414225103308,0.8397768160259188,0.9995259887157015,0.9581771146039346,0.925105921843987,0.8305823197538555,0.9953080401052137,0.9959689956689162,0.8316117687173711,0.82754080333048,0.9996649916465751,0.9998574844242926,0.9672440664020024,0.9995706001971829,0.9997672321317728,0.9999002217920014,0.9732883205075819,0.9996278177407154,0.9996683027488137,0.999744097455825,0.9997650948465573,0.9998993511711057,0.9549168642839934,0.904100494708638,0.9978007256576777,0.8323904519842766,0.9569181657662944,0.999960468224383,1.0,0.9733402322358151,0.9999585500547338,0.9999958447790348,0.9734170088223041,0.999950240860654,0.999967383301954,0.9724739649415394,0.999967383301954,0.9724739649415394,0.9999673971940961,0.9724295487408268,0.9999372762934916,0.9999262714748802,0.9685573369513774,0.9468800842983013,0.8346299595914468,0.9993163305570123,0.9996292440008138,0.9998409781181431,0.9663053350918369,0.9956337805601334,0.9999569130776883,0.9999885074309596,0.9733975508234918,0.9622550293190044,0.9996337227273695,0.9996033393801782,0.9985264472087572,0.9982544901825225,0.9983224154702997,0.9568307983471543
submission_star_power_champion_pure.csv,0.984203978172675,0.978284549282644,0.977117986275385,0.9766527635854578,0.9576830740524576,0.8419597634543123,0.9758738977700804,0.9778135760231061,0.9688653265463956,0.968039602685672,0.923076228140643,0.9720401342987707,0.9728335070930214,0.9828901296837176,0.9750553845420192,0.9699414576086742,0.9661092043708432,0.9667275572133395,0.9685307432387419,0.8319769552053256,0.9028417417371839,0.9765595630631341,0.9655706447290778,0.9630043540005829,0.9701127002744638,0.8446633649614687,0.9699546259111547,0.9695342316568414,0.938721751551798,0.8322427591523088,0.9577993959560974,0.9595513318891834,0.8331010978795378,0.8285614424724841,0.9752330527885864,0.974657128980928,0.9871991524744671,0.9763013546474484,0.9756117573000632,0.9748836763349937,0.9974612994867021,0.9696527248141973,0.9699954372769936,0.9757144401399347,0.9757146315943427,0.9749513352931766,0.9574365922034396,0.9064890323671791,0.9635154204442201,0.833932027811073,0.9489507395422454,0.9723399871494269,0.9733402322358151,1.0,0.9723123861323784,0.9732986366610678,0.9988022986045024,0.9722921603923251,0.9732549796985919,0.9950725267133511,0.9732549796985919,0.9950725267133511,0.9732558386238191,0.9951881627109331,0.9723315955847427,0.9733003059051896,0.9911380200517425,0.9494030929389775,0.8370259673079269,0.9760220527644062,0.9754586959891779,0.9748161441830973,0.9886092111899982,0.958558015043644,0.9723128604758127,0.9732964691035786,0.9975143460683692,0.9778594134584615,0.9705857053296459,0.9696954272678012,0.9664526882788893,0.9658116699359464,0.9662500005465522,0.9668743061739703
submission_star_power_golden_quad.csv,0.991251022233263,0.9980357612866365,0.9989502184568443,0.9968360625674191,0.9747652730633449,0.8379660697462689,0.956536575455293,0.9621740027768048,0.9996505561506038,0.9993860321379849,0.9184706633242599,0.9999236452639075,0.9997872966061652,0.9623762810450605,0.9992557185620469,0.9997019621482488,0.9985186283940062,0.9987791750989315,0.9573294367754142,0.8309935763079395,0.8974830945523908,0.9868931793979205,0.9969706534175614,0.9973265126062024,0.9997896146202112,0.8400089522039222,0.999655364512733,0.9580851287208804,0.9245597176567286,0.8310994989606355,0.9957434324813293,0.9963302682230389,0.8321086756930507,0.8280640459831685,0.9994635339176011,0.9997116176981367,0.9663118507142657,0.999299914659879,0.9995567259427044,0.9997479807140796,0.9723258689103167,0.9998109634359295,0.999852794522901,0.9995226512884221,0.999546327277604,0.9997416799759709,0.9543159254640678,0.9028373968715597,0.9981153008896536,0.8329167811627989,0.957117588301126,0.9999982104879037,0.9999585500547338,0.9723123861323784,1.0,0.9999599227559535,0.9724240475672854,0.999989900557826,0.9999285945224797,0.9714549347105353,0.9999285945224797,0.9714549347105353,0.9999286023157489,0.9714103023191202,0.9999716358379864,0.9998787526403968,0.9674665079974356,0.9467209589894957,0.8350421617408298,0.9990327149335357,0.9994092855149577,0.9996826550441593,0.9652776154455229,0.9960397432622118,0.9999967534514383,0.999950093361506,0.9723902128519841,0.9621348898873093,0.9998207797368552,0.999800300334655,0.9987155768289665,0.998447308234058,0.9984981800339324,0.9568059565004777
submission_star_power_master_70_30.csv,0.9916648112357984,0.9985076351855102,0.9992885215382225,0.9971826570886434,0.974493069543337,0.8377294593037927,0.957542872599003,0.9622120824203099,0.999475426299593,0.999219070317274,0.9183507211378317,0.9998786080099328,0.9998204558638866,0.963357107009692,0.9994730626788091,0.999527173242366,0.9983555371241661,0.9986166234871608,0.9573990561835625,0.8305500794366601,0.8988468042299257,0.9869830168879679,0.9969071353924506,0.9971162779431657,0.9996395373007789,0.839826387173062,0.9995249033177045,0.9581691182177202,0.9251646352669847,0.8306645965863766,0.9953379629310146,0.996002079364772,0.8316895942552684,0.8276572447909877,0.9996576969635614,0.9998512502488119,0.9672003946816092,0.9995733454715249,0.9997680853135,0.9998993086160863,0.9732984450139853,0.9996274212412819,0.9996660936242092,0.9997410520872461,0.9997582592966695,0.9998934059219631,0.9550566403671881,0.9041847661271795,0.9978221909054492,0.832477188616924,0.9569577779416018,0.9999564553082276,0.9999958447790348,0.9732986366610678,0.9999599227559535,1.0,0.9734314356582175,0.9999549433064633,0.9999765945801632,0.9725119227398116,0.9999765945801632,0.9725119227398116,0.9999766152622062,0.9724677661637328,0.9999403915999665,0.9999330621000976,0.9685774415340201,0.9469995818691439,0.8346986508007175,0.9992930363372029,0.9996107120354497,0.999827254480778,0.9662074130769709,0.9956650514034849,0.9999581912833262,0.9999924780686946,0.9734079924911587,0.9621735071969554,0.9996277223717421,0.9996048253433675,0.998540252187003,0.9982704829000191,0.9983368528591392,0.9568318320512887
submission_star_power_pure.csv,0.9841980472367374,0.9783449046249636,0.9771812922504365,0.9767274412522696,0.9580862210246804,0.8420031804913828,0.9772882686630011,0.9770419810643847,0.968972018894804,0.9681613885627285,0.9231281854356477,0.9721443342365504,0.972954624049789,0.9828223046607983,0.9752239067828115,0.9700442593885273,0.9662561705561876,0.9668657153500287,0.9683170897863446,0.8322120233474035,0.9034493273427601,0.9772792457130193,0.9658916711096415,0.9632920842223444,0.9701898468000083,0.8447456173009309,0.9700324125163675,0.9693195095798415,0.9393517442674408,0.8324211200643792,0.9580396183357502,0.9598157809882256,0.8332615629493659,0.8288992058210355,0.9753047516871562,0.9747302914892864,0.9869629608984141,0.9764423298616056,0.9757348906070792,0.9749901173924757,0.998057263012272,0.9697423303525093,0.9700768916504567,0.9758068113394724,0.9757825304731996,0.9750220262551996,0.9587301390074401,0.9071029999889197,0.9637217472776368,0.834136030993919,0.9494207795740517,0.9724152399154596,0.9734170088223041,0.9988022986045024,0.9724240475672854,0.9734314356582175,1.0,0.9724207144325842,0.9734138428136646,0.9958827466207284,0.9734138428136646,0.9958827466207284,0.9734149630648822,0.9960073528582482,0.9724514829181226,0.973445708507107,0.9915097624880678,0.950351120392109,0.8371428121830534,0.9760163351443468,0.9754739651156962,0.9748522861016559,0.9876438668769928,0.9588086645367309,0.972422587739606,0.9734263661919628,0.9979979883291266,0.9770993025073496,0.9706493371569347,0.9698000680560166,0.9666300402040904,0.9660005358334749,0.9664324640599247,0.9668385491606145
submission_step1_golden_blend.csv,0.991252467221847,0.9980399531249019,0.9989502626272266,0.9968408196433847,0.9748101756656926,0.8380346208987165,0.9569108206739245,0.9620358333704221,0.9996372447326102,0.9993756355047907,0.9184697831498836,0.9998923993418615,0.9997500439103989,0.9622033979241824,0.9992443470796234,0.9996891096114147,0.9985255045875201,0.9987828447256119,0.957305682124914,0.8310562644231279,0.8975788978738078,0.9870411171721863,0.9969845767148557,0.997354172158507,0.9997722158395537,0.8400664434286866,0.999638932518417,0.9580557047377176,0.9245114222567955,0.8311265763735788,0.9957758831359041,0.9963696396356353,0.8321366513209237,0.8281428700082203,0.9994328789861185,0.9996886414667688,0.9661467317073925,0.9992929653523448,0.9995493534663732,0.9997402397841971,0.9722839527582285,0.9997966447471083,0.9998356389316654,0.999525983928946,0.9995427811021913,0.9997364537872471,0.9546358024885211,0.9029306467943155,0.9981362399523704,0.8329744323656001,0.9571680265796436,0.9999859535773699,0.999950240860654,0.9722921603923251,0.999989900557826,0.9999549433064633,0.9724207144325842,1.0,0.9999542104296801,0.9716323021866077,0.9999542104296801,0.9716323021866077,0.9999541898013327,0.9715861903276882,0.9999725221072708,0.9998904747659323,0.9675685467192555,0.9469523743389978,0.8351172937657432,0.9989906472949507,0.9993759178009047,0.9996578235169208,0.9650954211091785,0.9960743124555823,0.9999952806576828,0.9999581718660479,0.9724649341293313,0.96199546224521,0.9997977182025809,0.9997854930310073,0.9987139854599006,0.998448525266522,0.9984960463541035,0.9567717905872298
submission_step1_master_70_30.csv,0.9916523414490199,0.9985004726589177,0.9992742913311169,0.9971752880994542,0.9745438092840611,0.8378112095729648,0.9581028517724774,0.9619845198590256,0.9994384498461384,0.9991864577283794,0.9183301847535815,0.9998151171292903,0.9997481462987895,0.9630815823020923,0.9994410333495963,0.9994907553979805,0.998348958323232,0.9986052086629441,0.9573449909983609,0.8306220808548153,0.8989872510526516,0.9871927575564089,0.9969125622609496,0.9971417777377007,0.9995963759667937,0.8398914178334156,0.999483154113905,0.9581064336510395,0.9250770064942637,0.8306826005059756,0.995370044303281,0.9960448575073592,0.8317090442955711,0.827754270320418,0.999596008549499,0.9998009803613404,0.9669361257678741,0.999548183974022,0.999741948465151,0.9998723083409021,0.973222079288335,0.9995889704119331,0.9996233921401181,0.9997312384051857,0.9997379112583107,0.9998702092561325,0.9555358529230297,0.9043215891850569,0.9978370404925847,0.8325414280171731,0.9570168878482452,0.999921801674603,0.999967383301954,0.9732549796985919,0.9999285945224797,0.9999765945801632,0.9734138428136646,0.9999542104296801,1.0,0.9727722709545678,1.0,0.9727722709545678,0.9999999785471241,0.9727259050602048,0.9999257447817317,0.9999352723880829,0.9687226772321825,0.9473368383302003,0.834789991316468,0.9992141007182631,0.9995447885811721,0.999774095879501,0.965915578813601,0.9957004271727724,0.9999399272548501,0.999989049968217,0.9735100602906758,0.9619440585064936,0.9995761898155362,0.9995657848312098,0.9985209119712269,0.9982553804855161,0.9983166690397444,0.9567619543708223
submission_step1_pure_calib.csv,0.9833911626568094,0.9776511963751561,0.9763979439864611,0.9759676470212459,0.9569337247613652,0.8398839612735023,0.9813532051108683,0.9736085660276195,0.9679686710569986,0.9671849431715261,0.9207484263985184,0.9710119403027019,0.9717852227627258,0.9781149969992241,0.9743184580246165,0.969021878903891,0.9653245123272776,0.9659149410453075,0.965021831864836,0.8300584741104327,0.9042031191954175,0.9784206189104815,0.9651104993990447,0.9626092466032001,0.9691137578060782,0.8425150400771314,0.9689476832840473,0.9660163777315187,0.9366772267243892,0.8300141919471904,0.9573968845786002,0.9592309948694981,0.8308026562411659,0.8268961796154701,0.9742187625131512,0.9736922601145231,0.9821750120405671,0.9755731630529692,0.9748433240285039,0.9740790262872826,0.9938937365786974,0.9687086066855425,0.9690315549587407,0.975011923608137,0.9749264659240445,0.9741338689300029,0.9624522087074314,0.9078182862632806,0.9629869395470838,0.8319391357438247,0.9480526897641979,0.9714310762061003,0.9724739649415394,0.9950725267133511,0.9714549347105353,0.9725119227398116,0.9958827466207284,0.9716323021866077,0.9727722709545678,1.0,0.9727722709545678,1.0,0.9727711382937462,0.9998767901660682,0.9715805620028571,0.9726777376631166,0.9917141095630878,0.9520190604168934,0.8351419329286998,0.9748690071398818,0.9743770347650493,0.9738065057702232,0.982363028931652,0.9581828073810891,0.971532719733949,0.9726283745209615,0.9975012585241168,0.9735200906077671,0.969581074380739,0.9687874487768999,0.9656297166034891,0.9650161719461188,0.965414605261231,0.9633859114523228
submission_step2_master_70_30.csv,0.9916523414490199,0.9985004726589177,0.9992742913311169,0.9971752880994542,0.9745438092840611,0.8378112095729648,0.9581028517724774,0.9619845198590256,0.9994384498461384,0.9991864577283794,0.9183301847535815,0.9998151171292903,0.9997481462987895,0.9630815823020923,0.9994410333495963,0.9994907553979805,0.998348958323232,0.9986052086629441,0.9573449909983609,0.8306220808548153,0.8989872510526516,0.9871927575564089,0.9969125622609496,0.9971417777377007,0.9995963759667937,0.8398914178334156,0.999483154113905,0.9581064336510395,0.9250770064942637,0.8306826005059756,0.995370044303281,0.9960448575073592,0.8317090442955711,0.827754270320418,0.999596008549499,0.9998009803613404,0.9669361257678741,0.999548183974022,0.999741948465151,0.9998723083409021,0.973222079288335,0.9995889704119331,0.9996233921401181,0.9997312384051857,0.9997379112583107,0.9998702092561325,0.9555358529230297,0.9043215891850569,0.9978370404925847,0.8325414280171731,0.9570168878482452,0.999921801674603,0.999967383301954,0.9732549796985919,0.9999285945224797,0.9999765945801632,0.9734138428136646,0.9999542104296801,1.0,0.9727722709545678,1.0,0.9727722709545678,0.9999999785471241,0.9727259050602048,0.9999257447817317,0.9999352723880829,0.9687226772321825,0.9473368383302003,0.834789991316468,0.9992141007182631,0.9995447885811721,0.999774095879501,0.965915578813601,0.9957004271727724,0.9999399272548501,0.999989049968217,0.9735100602906758,0.9619440585064936,0.9995761898155362,0.9995657848312098,0.9985209119712269,0.9982553804855161,0.9983166690397444,0.9567619543708223
submission_step2_pure_jedidi.csv,0.9833911626568094,0.9776511963751561,0.9763979439864611,0.9759676470212459,0.9569337247613652,0.8398839612735023,0.9813532051108683,0.9736085660276195,0.9679686710569986,0.9671849431715261,0.9207484263985184,0.9710119403027019,0.9717852227627258,0.9781149969992241,0.9743184580246165,0.969021878903891,0.9653245123272776,0.9659149410453075,0.965021831864836,0.8300584741104327,0.9042031191954175,0.9784206189104815,0.9651104993990447,0.9626092466032001,0.9691137578060782,0.8425150400771314,0.9689476832840473,0.9660163777315187,0.9366772267243892,0.8300141919471904,0.9573968845786002,0.9592309948694981,0.8308026562411659,0.8268961796154701,0.9742187625131512,0.9736922601145231,0.9821750120405671,0.9755731630529692,0.9748433240285039,0.9740790262872826,0.9938937365786974,0.9687086066855425,0.9690315549587407,0.975011923608137,0.9749264659240445,0.9741338689300029,0.9624522087074314,0.9078182862632806,0.9629869395470838,0.8319391357438247,0.9480526897641979,0.9714310762061003,0.9724739649415394,0.9950725267133511,0.9714549347105353,0.9725119227398116,0.9958827466207284,0.9716323021866077,0.9727722709545678,1.0,0.9727722709545678,1.0,0.9727711382937462,0.9998767901660682,0.9715805620028571,0.9726777376631166,0.9917141095630878,0.9520190604168934,0.8351419329286998,0.9748690071398818,0.9743770347650493,0.9738065057702232,0.982363028931652,0.9581828073810891,0.971532719733949,0.9726283745209615,0.9975012585241168,0.9735200906077671,0.969581074380739,0.9687874487768999,0.9656297166034891,0.9650161719461188,0.965414605261231,0.9633859114523228
submission_step3_master_70_30.csv,0.99165259321197,0.9985005157622021,0.999274320988704,0.9971758105018864,0.9745440351445215,0.8378121297779549,0.9581029596043746,0.9619828131097926,0.9994384515114383,0.9991864681018532,0.9183303482998014,0.9998151346514853,0.9997481813354274,0.9630831531754923,0.9994410790362064,0.9994907966023223,0.9983490503852316,0.9986052897231651,0.9573447553597687,0.8306230649710972,0.8989864128143714,0.9871929044903779,0.9969126886946014,0.9971419210568527,0.9995963901388574,0.8398922709337597,0.9994831831319447,0.9581062135973123,0.925077578789216,0.8306835880641186,0.9953702272050019,0.9960450376479887,0.831709973444016,0.82775522748698,0.999596035675241,0.9998010022270344,0.966937134778218,0.9995482203756003,0.9997419783438966,0.9998723323784461,0.9732231771067802,0.9995889776601254,0.9996233861943781,0.9997312622778173,0.9997379329099608,0.9998702280791689,0.9555358589195273,0.9043207570333355,0.9978371455694419,0.8325423912306037,0.9570169904940498,0.99992180483086,0.9999673971940961,0.9732558386238191,0.9999286023157489,0.9999766152622062,0.9734149630648822,0.9999541898013327,0.9999999785471241,0.9727711382937462,0.9999999785471241,0.9727711382937462,1.0,0.9727270104803294,0.9999257527811581,0.9999352934797893,0.9687238522056064,0.947336912065514,0.8347909449878481,0.9992141396484984,0.9995448199167781,0.999774120829869,0.9659164764143157,0.9957006081362189,0.9999399314519616,0.9999890656331172,0.9735109966753024,0.9619443460390681,0.9995761536570308,0.9995657808759296,0.998520999234658,0.9982554799903879,0.9983167663604495,0.9567618009326568
submission_step3_pure_hazard.csv,0.9834408765923357,0.9776054092650882,0.9763526886637527,0.9760555531417386,0.9568918509790019,0.8402654714296226,0.9814364134877634,0.9735811270593195,0.9679242689368986,0.9671407810542346,0.920851313010247,0.9709678804907398,0.9717418375034519,0.9782509772775265,0.9742749165363181,0.9689791547824185,0.9652841815835985,0.9658742309287205,0.9650359646379865,0.8304534967205769,0.9041180195160889,0.978386899408846,0.965070148230966,0.9625703446970628,0.9690697413000603,0.8428897499608978,0.9689042042342713,0.966030825160365,0.9367819493709251,0.8304096755570737,0.9573585879993364,0.9591925239622007,0.8311928364445205,0.827287000479339,0.9741743929349841,0.9736478903377042,0.9822981363794087,0.9755286464139958,0.9747988659977403,0.974034601444539,0.9940198667687794,0.9686644614413699,0.9689865627340449,0.9749672550717906,0.9748816336785163,0.974089206756241,0.9624451799915377,0.9077307366206423,0.9629468424596863,0.8323286078618893,0.9480159845402834,0.9713862682156038,0.9724295487408268,0.9951881627109331,0.9714103023191202,0.9724677661637328,0.9960073528582482,0.9715861903276882,0.9727259050602048,0.9998767901660682,0.9727259050602048,0.9998767901660682,0.9727270104803294,1.0,0.9715360512733188,0.9726337267172593,0.9918331534877486,0.952012743406053,0.8355305863253344,0.9748245066001548,0.9743325864290859,0.9737621007789509,0.9824915724824178,0.9581444582116976,0.9714879746060475,0.9725840587727391,0.9976169746496867,0.9736381772647146,0.9695338840145449,0.9687424629432712,0.9655891588624065,0.9649760073270047,0.965374154590896,0.9633907067283495
submission_swa_resnet_golden_quad.csv,0.9912686333417585,0.998068759924874,0.9989659240095855,0.9968481075449124,0.9747050553326251,0.8380037460641436,0.9566786000439226,0.9621657018272881,0.9996183888239029,0.999360140804947,0.9185058931143268,0.9999476623289998,0.9998483211011955,0.9629237321270518,0.999406210028621,0.9996675606266664,0.9984568850663939,0.9987187605538207,0.9572647680532845,0.8309177241030923,0.8979570696352276,0.9869218047457895,0.9969511374382479,0.9972837135117186,0.999745562758483,0.8400371550472617,0.9996116614532661,0.9580530564876375,0.9246156424349633,0.8310209947691233,0.995660098166812,0.9962695079608445,0.8320339869296928,0.82802698621401,0.9994989022698575,0.9997272596887227,0.9665492521924196,0.9993047267893539,0.9995546675912995,0.9997392579216599,0.9723406063187549,0.999762549046895,0.9998066760480054,0.9995533385393807,0.9995463854583594,0.9997343593051579,0.9545347051282448,0.9032907980659384,0.9980590394450378,0.8328399245359223,0.9570555274600903,0.9999687318410561,0.9999372762934916,0.9723315955847427,0.9999716358379864,0.9999403915999665,0.9724514829181226,0.9999725221072708,0.9999257447817317,0.9715805620028571,0.9999257447817317,0.9715805620028571,0.9999257527811581,0.9715360512733188,1.0,0.999946111583827,0.9680364023669384,0.9468291711506386,0.8350523173068191,0.9990422246985391,0.9994104241947981,0.9996758834481022,0.9653112939058928,0.9959651673104519,0.9999796297350126,0.9999476347833922,0.9725125630471323,0.9621270767977864,0.9997795342509257,0.9997584221043471,0.9986426774164168,0.9983721452636941,0.9984219756195273,0.9567171242505946
submission_swa_resnet_master_70_30.csv,0.9916587013858456,0.9985273177421291,0.9992797351744857,0.9971676502363058,0.97435949750143,0.8377344925777384,0.9577319738663047,0.9621594440902917,0.9993865504614092,0.9991398183657622,0.9183606898467094,0.9998777595738838,0.9998775625573857,0.9641804905280303,0.9996704423314596,0.9994347506822161,0.9982212880520721,0.9984844311111054,0.9572594483874597,0.8303793353725106,0.899571635209379,0.9869903227666844,0.9968387683618866,0.9970107001199574,0.9995327067775127,0.8398169258211945,0.9994186932595878,0.9580797029649544,0.9252146722001354,0.830489861045412,0.9951685312469996,0.9958680690565476,0.8315205371969778,0.8275473987942374,0.9996775524892343,0.9998399257777009,0.9675407334486545,0.9995469647371215,0.9997303075224971,0.999850497846789,0.9732928127492599,0.9995136757854898,0.9995559115500267,0.9997537241548005,0.9997237211198192,0.9998467420906266,0.9553641760380853,0.9048786347756606,0.9976952652524063,0.8323048478007363,0.9568213088943325,0.9998735349887931,0.9999262714748802,0.9733003059051896,0.9998787526403968,0.9999330621000976,0.973445708507107,0.9998904747659323,0.9999352723880829,0.9726777376631166,0.9999352723880829,0.9726777376631166,0.9999352934797893,0.9726337267172593,0.999946111583827,1.0,0.9694352908841652,0.9471281707471757,0.8346601525011774,0.999274410168495,0.9995782292032558,0.9997816875543915,0.9662335936542059,0.9955093403367969,0.9998941326853754,0.999951712654867,0.9735681456506563,0.9621215689259363,0.9995251295671587,0.9995010424048962,0.9983888321911486,0.998115567142012,0.9981804657383291,0.9566549348489958
submission_swa_resnet_pure.csv,0.9798292791721311,0.9744038440006123,0.9729274537170686,0.9721843747137842,0.9524709861950406,0.8340394802354584,0.9731992212045237,0.9714381103716075,0.9638577782141237,0.9630698367888365,0.9184577091720194,0.9676550769934936,0.9688296581298264,0.9869226292093912,0.9721305441113852,0.965038502390122,0.9606855708560476,0.96132557800968,0.961940227204582,0.8228686225054802,0.9068518805246263,0.9725896801584019,0.9607149818345194,0.9579126487146594,0.9649718116091373,0.8366638710870183,0.9647827451347039,0.9636370144381851,0.9329457437334108,0.8231887458152175,0.9523022750692582,0.9543493025569697,0.8239648151820322,0.8201672991421345,0.9711151215150042,0.9703012943610979,0.9851197428948908,0.972001446018233,0.9711783830520768,0.9703253986770759,0.9902191753703908,0.9644979406473947,0.9648928732017911,0.9715847486909801,0.9712605898255825,0.9703792669991483,0.9584870568257698,0.9102684921402978,0.9583109322353843,0.8248703607049367,0.9433438459905245,0.9674538846126364,0.9685573369513774,0.9911380200517425,0.9674665079974356,0.9685774415340201,0.9915097624880678,0.9675685467192555,0.9687226772321825,0.9917141095630878,0.9687226772321825,0.9917141095630878,0.9687238522056064,0.9918331534877486,0.9680364023669384,0.9694352908841652,1.0,0.9481768924187113,0.8286853360052102,0.9717255642013214,0.9710219227016599,0.9702522751099214,0.982224829943435,0.9531700081318939,0.9675681239017975,0.9687310280857359,0.9932166084197253,0.9714893088339268,0.9656007577888186,0.9646554406438974,0.9609694578084498,0.9603018592626229,0.9607233942309097,0.9602528058244203
submission_trio_bayes_master.csv,0.9504779818272323,0.9457377919307434,0.9464203764624232,0.9458288883005157,0.9630238256915492,0.8727587839661519,0.9556829879634268,0.9299520691293618,0.9464117332421301,0.9464393192606488,0.948462927701157,0.9463962712510445,0.9464451544800069,0.940948842545284,0.9465395940538821,0.9459707922478414,0.9462690067251274,0.946360800198785,0.9576361902472326,0.8673162505015174,0.8656944411212637,0.9667556657800362,0.9448997097756542,0.9457961393395091,0.9462066527293779,0.8749649145446294,0.9462037103334908,0.9577348447350378,0.9137331904823501,0.8672626319946007,0.9444366182860904,0.9451657312647891,0.8672142268310552,0.8668005515243962,0.9462149304164483,0.946525221256664,0.9412898019342548,0.9467033894328912,0.9468378529097579,0.9469079368135496,0.9500963687743796,0.9462784873073924,0.9461272483297719,0.9468854535268885,0.946793783341871,0.9468797207677617,0.9664173740387071,0.868075523330701,0.9461460276648466,0.868951875238157,0.9592954639230364,0.9466425111263999,0.9468800842983013,0.9494030929389775,0.9467209589894957,0.9469995818691439,0.950351120392109,0.9469523743389978,0.9473368383302003,0.9520190604168934,0.9473368383302003,0.9520190604168934,0.947336912065514,0.952012743406053,0.9468291711506386,0.9471281707471757,0.9481768924187113,1.0,0.8693411030640706,0.9456138806357324,0.946085595477409,0.946447361724039,0.9390577341785397,0.9448104477410717,0.9467835565475515,0.9470897014223703,0.9511593551772282,0.9299633701857647,0.9456799975867263,0.9461490902562897,0.9462990905796571,0.9461972019507964,0.9461409064493378,0.9583357757110625
submission_triple_ensemble.csv,0.8374392398619417,0.8283712018954024,0.8307248178077219,0.835689496439976,0.8608336929697231,0.9920093167198383,0.8492495805192319,0.8312877886988586,0.8370808700590038,0.8376250472899908,0.8970012410714159,0.8350601555852986,0.8346449348986427,0.8290973203964428,0.8326046059399627,0.8357855732597805,0.8379848045848817,0.8378590426536637,0.864972189713256,0.9960509043409174,0.7485822317708297,0.8547750138119489,0.8356925132273744,0.8384703717180827,0.8359463559652726,0.9926231361303881,0.8360357648994139,0.8639512143003143,0.851458068702145,0.9946473506524012,0.8384407122045994,0.8388468539349136,0.9949325218540754,0.9885777934327447,0.8325601241948518,0.8333852126018948,0.8341839246908573,0.8318491420987417,0.8326954809432009,0.833435788658513,0.8383659906142417,0.8362579080177993,0.8357966949810964,0.8326163080664973,0.8325998394412841,0.8333739325519237,0.8335232714235272,0.7488764468778052,0.8388579741161817,0.9962801152208278,0.8623500874475976,0.8349961056134422,0.8346299595914468,0.8370259673079269,0.8350421617408298,0.8346986508007175,0.8371428121830534,0.8351172937657432,0.834789991316468,0.8351419329286998,0.834789991316468,0.8351419329286998,0.8347909449878481,0.8355305863253344,0.8350523173068191,0.8346601525011774,0.8286853360052102,0.8693411030640706,1.0,0.8310812907666181,0.8321975383661946,0.8331548000680233,0.8344237867963685,0.8386669806223204,0.8350820064678548,0.8347512673493908,0.8360938560057258,0.8317144734327491,0.8346379832824145,0.835977966719904,0.8379028277672416,0.8380239858716289,0.8377048602602762,0.8658320362886935
submission_tuned_cnn_xgboost_pb_60_40.csv,0.9922792252569618,0.9994402393695443,0.9997223964512346,0.997563303316928,0.9719183780632832,0.8344323215265929,0.9586401878969408,0.963838010335598,0.9979644673491036,0.9976346540773045,0.9164030246058551,0.9990349395600073,0.9992462576672618,0.9670541877171139,0.9995279858930264,0.9981717457939876,0.9963353499370492,0.9966709101221265,0.956073386866895,0.826495702180535,0.90414906632409,0.9855309578422341,0.9951782771969766,0.994857628605429,0.9982249767512382,0.8367678849654614,0.9980789021280904,0.9569910640171168,0.9257140961384821,0.8267480575515727,0.9923806299252984,0.993346413145938,0.8278559967832801,0.8235043631714484,0.9997685357220413,0.9996863422231042,0.9708935089523163,0.9997499798924692,0.9997186180703248,0.9996319166317768,0.975899613145237,0.9981460420073341,0.998265560300239,0.9997136098265711,0.9997224171855636,0.9996349234148794,0.955428289708929,0.9094172160066585,0.9955446361242711,0.828507392299462,0.9546675920904364,0.9990473736783877,0.9993163305570123,0.9760220527644062,0.9990327149335357,0.9992930363372029,0.9760163351443468,0.9989906472949507,0.9992141007182631,0.9748690071398818,0.9992141007182631,0.9748690071398818,0.9992141396484984,0.9748245066001548,0.9990422246985391,0.999274410168495,0.9717255642013214,0.9456138806357324,0.8310812907666181,1.0,0.999951888132073,0.9998153014735417,0.9710516484104457,0.992828542274389,0.9990178818928469,0.9992660651545273,0.9758990035948656,0.9637947607828633,0.9984017220345321,0.9981771383437581,0.9965720753633165,0.9962264934119237,0.9963559234581572,0.9553972196534151
submission_tuned_cnn_xgboost_pb_70_30.csv,0.9922566350254703,0.9993238625084748,0.9997400976829605,0.9975974455291329,0.9727140267745097,0.8354716657762242,0.958470275282887,0.9635962057887146,0.9984946254020101,0.9981832408839327,0.9170619102936169,0.9993900110367779,0.9995296613709441,0.9662175935841473,0.9996422191814017,0.998658448009048,0.9969936667536842,0.997310799248379,0.9565730474384413,0.8277186079801383,0.9027925730584611,0.9860238915787587,0.9957482704049305,0.9955665732537969,0.9987311907427955,0.8377437428127211,0.998593305280986,0.9574520869232513,0.9257072129668017,0.8279390123865197,0.9932727623106375,0.9941579532018139,0.8290263088775355,0.8247472407090691,0.9998726667727525,0.9998635796482493,0.9700722134345556,0.9998334797895821,0.9998630285140684,0.9998347974248237,0.97535588674333,0.9986687882778055,0.9987675508364596,0.9998531205399659,0.999865366646522,0.9998368623425211,0.9554257143118897,0.908075842755907,0.9962645403887728,0.8297089125100618,0.9553932674088688,0.9994207807109515,0.9996292440008138,0.9754586959891779,0.9994092855149577,0.9996107120354497,0.9754739651156962,0.9993759178009047,0.9995447885811721,0.9743770347650493,0.9995447885811721,0.9743770347650493,0.9995448199167781,0.9743325864290859,0.9994104241947981,0.9995782292032558,0.9710219227016599,0.946085595477409,0.8321975383661946,0.999951888132073,1.0,0.9999554943160706,0.9699413220707969,0.993688590221581,0.9993978653633722,0.9995888229154027,0.975380094309822,0.9635541328871987,0.9988585854533756,0.9986845509520905,0.9972170843256296,0.9968902111060701,0.9970040797438132,0.9559234645921584
submission_tuned_cnn_xgboost_pb_80_20.csv,0.9921414103587457,0.9991248128430378,0.9996685106672166,0.9975396289489795,0.9733967584702464,0.8363539378134344,0.9582004230858275,0.9632485868729722,0.9989169909633083,0.9986238260868645,0.9175985892536318,0.9996425094033458,0.9997129960712156,0.9653166387834884,0.9996632384392374,0.9990398268234613,0.997541933583693,0.9978407522034081,0.956954731572382,0.8287802585223338,0.9014404227149853,0.9864131666568791,0.9962138513058731,0.996167750608562,0.9991296538942025,0.8385641407504395,0.9989996375274068,0.9577964626727102,0.9255950189262183,0.8289687204280142,0.9940530678409083,0.9948605067207765,0.8300360174680638,0.8258278493819401,0.9998835222387132,0.9999446361398949,0.9691822325941891,0.9998248132958558,0.9999126834805214,0.999940597932237,0.9747315854539739,0.9990837086825116,0.9991623196019073,0.9998981166151378,0.9999135252381212,0.9999416915051106,0.9553330800680746,0.9067398243003285,0.9968750144710743,0.8307503807935509,0.9560046047584713,0.9996909525676826,0.9998409781181431,0.9748161441830973,0.9996826550441593,0.999827254480778,0.9748522861016559,0.9996578235169208,0.999774095879501,0.9738065057702232,0.999774095879501,0.9738065057702232,0.999774120829869,0.9737621007789509,0.9996758834481022,0.9997816875543915,0.9702522751099214,0.946447361724039,0.8331548000680233,0.9998153014735417,0.9999554943160706,1.0,0.9687731160456405,0.9944377962883341,0.999674572082586,0.9998103359248185,0.9747828238296551,0.9632075401119304,0.9992097258809536,0.9990850694799013,0.9977519736750563,0.9974436945923018,0.9975420491147351,0.9563306734489982
submission_tuned_cnn_xgboost_pure.csv,0.9772109757418486,0.9713316457926556,0.970150136260693,0.970239569348544,0.9505133565621805,0.8389206059346921,0.9632940760024227,0.9749479098674625,0.961741679334162,0.9608282096823978,0.9204613343534038,0.9654359764492386,0.9664070137595301,0.9826996701116696,0.968595742899901,0.9629835873566881,0.958295321958917,0.9590028368465546,0.9640441545217887,0.829347912982221,0.9010793923435233,0.9662594469149685,0.9573492295347283,0.9548639242297093,0.9629889751420088,0.8419019681636385,0.9627378054584316,0.9653016140674364,0.9317233026894509,0.8300860815464448,0.9495411841373307,0.9514862039044452,0.8310740076514768,0.8251941849478779,0.9691118619386719,0.9682171925146084,0.9891235029476444,0.9694109866869479,0.9686848323251264,0.96792080051164,0.988531743419703,0.9625419281548904,0.9629862370164347,0.9687133201847057,0.9687237507153574,0.9679471425258208,0.9462022700649138,0.9045258690764266,0.9558160563833593,0.8314332929464305,0.9418097857061697,0.9653418901745507,0.9663053350918369,0.9886092111899982,0.9652776154455229,0.9662074130769709,0.9876438668769928,0.9650954211091785,0.965915578813601,0.982363028931652,0.965915578813601,0.982363028931652,0.9659164764143157,0.9824915724824178,0.9653112939058928,0.9662335936542059,0.982224829943435,0.9390577341785397,0.8344237867963685,0.9710516484104457,0.9699413220707969,0.9687731160456405,1.0,0.9503814376399594,0.9652045253371643,0.9660925268018966,0.9855539591344304,0.9750187252774751,0.9637890003205016,0.9626357643397746,0.9587360881765614,0.9580061290900042,0.9584645597397841,0.9623989505981336
submission_ultimate_gacor.csv,0.9835886882103327,0.990714266195601,0.99250365389876,0.990319493098254,0.9774635026826396,0.8402171675921818,0.9461622398907292,0.9435880964748428,0.9974656375562165,0.9977394197547917,0.9188974124496772,0.9959641756757974,0.9954897840936525,0.9484802923600005,0.993709705534753,0.9966267585641692,0.9983455066674635,0.9982323714086239,0.9525811380442639,0.8356320636853205,0.8833303757334785,0.9863269960496989,0.9968198920534741,0.9991946907242011,0.9967752976104916,0.8417853345655735,0.9967753726717132,0.9529011699009456,0.9148338283184385,0.8354725434414081,0.9999595483640116,0.9998930670319645,0.8364197375563005,0.8325479276105063,0.9939096797935878,0.9945790748870428,0.9523947195994585,0.9933544677179441,0.9940287465979665,0.9946302022093977,0.9589261086237129,0.9971175334363311,0.9968103878246817,0.9939281776236942,0.9939707965126104,0.9945926554425231,0.9483040970440666,0.8892586578788241,0.9995405893497364,0.8374561614802427,0.9582313732676668,0.9960179446784728,0.9956337805601334,0.958558015043644,0.9960397432622118,0.9956650514034849,0.9588086645367309,0.9960743124555823,0.9957004271727724,0.9581828073810891,0.9957004271727724,0.9581828073810891,0.9957006081362189,0.9581444582116976,0.9959651673104519,0.9955093403367969,0.9531700081318939,0.9448104477410717,0.8386669806223204,0.992828542274389,0.993688590221581,0.9944377962883341,0.9503814376399594,1.0,0.9960501334166707,0.9956746994126404,0.9589910062503968,0.9435639540618724,0.996049583431205,0.9970148401891505,0.99829106467356,0.9984042736916724,0.9981198373268267,0.9525465546162082
submission_upgrade1_champion_golden_quad.csv,0.9912543804712286,0.9980394610434246,0.9989521782054623,0.9968383789640513,0.9747810762503301,0.8380196263325375,0.9566409605707707,0.9621265572600949,0.9996482956014511,0.9993855143898411,0.9184801788144069,0.9999201355831007,0.9997851998579567,0.9623773830862067,0.9992706331402094,0.9996972238095257,0.9985211862035136,0.9987807345960735,0.9573233752189485,0.8310089088340575,0.8975228511169665,0.9869357065938594,0.9969758391866701,0.997335618543003,0.999785162900831,0.8400516763249564,0.9996515922246554,0.958081037067949,0.9245480531167514,0.8311047778623498,0.9957526309277489,0.9963431397501712,0.8321181600663693,0.8280778402801401,0.9994597089762202,0.9997085416699448,0.9662840345418563,0.9992965910392986,0.999553830102629,0.9997454980742588,0.9723063739728446,0.9998067553239909,0.9998476438363734,0.9995289177132389,0.999546750938487,0.9997413714830475,0.954399671420385,0.9028746571945256,0.9981224211012122,0.8329321836354011,0.9571381172329542,0.9999950461608967,0.9999569130776883,0.9723128604758127,0.9999967534514383,0.9999581912833262,0.972422587739606,0.9999952806576828,0.9999399272548501,0.971532719733949,0.9999399272548501,0.971532719733949,0.9999399314519616,0.9714879746060475,0.9999796297350126,0.9998941326853754,0.9675681239017975,0.9467835565475515,0.8350820064678548,0.9990178818928469,0.9993978653633722,0.999674572082586,0.9652045253371643,0.9960501334166707,1.0,0.9999581527427527,0.9724505020940075,0.9620873044323206,0.9998135744545227,0.999795989823991,0.9987127708882023,0.9984451931955733,0.998494785943132,0.9567912604934771
submission_upgrade1_champion_master_70_30.csv,0.9916657590991252,0.998509519072172,0.9992874043933115,0.9971819091802686,0.9745110024260494,0.8378032125175968,0.9576993137596221,0.9621366402785883,0.999466611339427,0.999212802849455,0.9183586391267439,0.9998683619457944,0.999812498270545,0.9633569606698535,0.9994914718583945,0.9995147260359677,0.9983536247964567,0.9986132640080989,0.9573839486419974,0.8305654032937125,0.8989055283626789,0.9870425747320427,0.9969095788323503,0.9971242242096693,0.999627508053637,0.8398837166984048,0.9995138563607174,0.9581571159648711,0.9251430021301221,0.8306644367490693,0.9953458260267607,0.9960154347412857,0.8316957942557801,0.8276701341878664,0.9996473820196985,0.9998419553454805,0.9671552064268714,0.9995639793927498,0.9997592296097336,0.9998909510993486,0.9732654439567024,0.999615737947249,0.9996530586385425,0.9997462086839404,0.999754488642245,0.9998883768982391,0.9551808782202749,0.9042396650148836,0.9978270906339523,0.8324924188740387,0.9569833664230087,0.9999467251484627,0.9999885074309596,0.9732964691035786,0.999950093361506,0.9999924780686946,0.9734263661919628,0.9999581718660479,0.999989049968217,0.9726283745209615,0.999989049968217,0.9726283745209615,0.9999890656331172,0.9725840587727391,0.9999476347833922,0.999951712654867,0.9687310280857359,0.9470897014223703,0.8347512673493908,0.9992660651545273,0.9995888229154027,0.9998103359248185,0.9660925268018966,0.9956746994126404,0.9999581527427527,1.0,0.9734976212093491,0.9620978567173564,0.9996117405399747,0.9995930571859932,0.9985302960730758,0.9982615126598197,0.9983259810523858,0.9568036884936874
submission_upgrade1_champion_pure.csv,0.9841842356151758,0.9784036797138347,0.9772079538058441,0.9766818772807293,0.9581613472687515,0.8410571971795204,0.9782114296864484,0.9757218040370024,0.9689716243921298,0.9681866055183144,0.9225674119579017,0.9721135453579668,0.9729365121873795,0.9823298670003685,0.9753534449708265,0.9700102524841564,0.9662937929359008,0.9668907928051813,0.9674889727604846,0.830902788621281,0.9041820369794128,0.9778029592744532,0.9659614818794372,0.9634220139853795,0.9701471152696681,0.843704479012705,0.969993762904304,0.9685582722467403,0.9381355784977857,0.8310463225682068,0.9582167895825306,0.9600159217057506,0.8318994172387303,0.8276125712030976,0.9752653572153498,0.9746966665582806,0.9857873745218955,0.9764121375126213,0.975705824248075,0.9749633419427363,0.9962260762744966,0.969707291448919,0.9700340565624112,0.975859470983808,0.9757860061519281,0.9750162245678788,0.9599371805802501,0.9077960826644864,0.9638368237920912,0.8328441481572182,0.9494211354757677,0.9723841308267509,0.9733975508234918,0.9975143460683692,0.9723902128519841,0.9734079924911587,0.9979979883291266,0.9724649341293313,0.9735100602906758,0.9975012585241168,0.9735100602906758,0.9975012585241168,0.9735109966753024,0.9976169746496867,0.9725125630471323,0.9735681456506563,0.9932166084197253,0.9511593551772282,0.8360938560057258,0.9758990035948656,0.975380094309822,0.9747828238296551,0.9855539591344304,0.9589910062503968,0.9724505020940075,0.9734976212093491,1.0,0.9757702942981581,0.9705914017389151,0.9697682943403436,0.9666173182582356,0.965998284335863,0.9664138214545616,0.9659010936098034
submission_upgrade_precision_pruned.csv,0.9712250465908993,0.9637342483632957,0.963725834438159,0.9642618930450593,0.9411930909985986,0.8355231500488717,0.9569410762209252,0.9998560931820073,0.9584233619795018,0.9566217534619587,0.9071069050247467,0.962009300970574,0.9619213540777982,0.9664782769896849,0.9627930585145031,0.9607888169156956,0.9520984845422691,0.9532844877623994,0.952964383348688,0.8274243391813098,0.8856559697096741,0.9573139089194402,0.9504539175305434,0.9478232292341251,0.9602224736587811,0.8378048474376618,0.9593698927685397,0.9545530184574518,0.9289309746928476,0.8277944904197068,0.9430234832154074,0.9441767859064463,0.8284529846459164,0.8235325921973838,0.9632022367025248,0.9629668212772718,0.971679213652631,0.9634289093081111,0.963227974701761,0.9629586443938735,0.976819570104852,0.9600871377618885,0.961055247265039,0.9632951472938986,0.9633323621838285,0.9630271721076514,0.9351207735522631,0.8887707660946286,0.9504459950619597,0.8291135025802309,0.9326458973552549,0.962187660553948,0.9622550293190044,0.9778594134584615,0.9621348898873093,0.9621735071969554,0.9770993025073496,0.96199546224521,0.9619440585064936,0.9735200906077671,0.9619440585064936,0.9735200906077671,0.9619443460390681,0.9736381772647146,0.9621270767977864,0.9621215689259363,0.9714893088339268,0.9299633701857647,0.8317144734327491,0.9637947607828633,0.9635541328871987,0.9632075401119304,0.9750187252774751,0.9435639540618724,0.9620873044323206,0.9620978567173564,0.9757702942981581,1.0,0.9629533294731717,0.9606988651087616,0.953044739552321,0.9518389758028971,0.9523873441473422,0.9513684429572413
submission_upgrade_sota60_anchor40.csv,0.9903132648590808,0.9970597894209764,0.9981739000639394,0.9960196285470084,0.9745787178169866,0.8373647991569361,0.9545237596425692,0.9629969198240326,0.9995960803741889,0.9992532278097707,0.9179094378669796,0.9997540006513607,0.9994681685755509,0.9607356953251232,0.9986563509401094,0.9997506666263645,0.9981717874844082,0.9984694635430356,0.956502381541592,0.8307505106109023,0.8954656354806555,0.9862117756644823,0.9965580495061429,0.9971051102668728,0.9997091398791009,0.8393246366141529,0.9994847591051587,0.9572745962994822,0.9232540226500905,0.8308466535183759,0.9957991801140867,0.9962716972543458,0.8318377266496819,0.8277520219465745,0.9989120395280199,0.9992386799641841,0.9648371753998327,0.998615145185586,0.9989663320754733,0.999249016915665,0.9705928649873102,0.9998221422872027,0.9999177406601026,0.9989240540598338,0.998958952404746,0.9992445587780913,0.952700691845023,0.9008664913729185,0.9981215725452208,0.832678013757209,0.9567320573226352,0.9998236547870267,0.9996337227273695,0.9705857053296459,0.9998207797368552,0.9996277223717421,0.9706493371569347,0.9997977182025809,0.9995761898155362,0.969581074380739,0.9995761898155362,0.969581074380739,0.9995761536570308,0.9695338840145449,0.9997795342509257,0.9995251295671587,0.9656007577888186,0.9456799975867263,0.8346379832824145,0.9984017220345321,0.9988585854533756,0.9992097258809536,0.9637890003205016,0.996049583431205,0.9998135744545227,0.9996117405399747,0.9705914017389151,0.9629533294731717,1.0,0.9998987254395654,0.9984404497897035,0.9981378416046008,0.9981640715239892,0.9560864337648715
submission_upgrade_tri_blend.csv,0.9900161302868785,0.9967807276992796,0.9979671647652874,0.9958424108448465,0.9754873647140055,0.838619141782991,0.9542187989165841,0.9607378399409474,0.9997903786762121,0.999545217086399,0.9186929353716858,0.9997389362682968,0.9994531585937144,0.959863358642308,0.9985456553475144,0.9997702139765217,0.9987184781560878,0.9989559032215021,0.9566086042906704,0.8321685536034529,0.8945640005293055,0.9867965376828247,0.9975001353211369,0.9980629769461851,0.9997941851945884,0.8405492719783304,0.9996148313699446,0.957323598434114,0.9241127564460674,0.8322245284404876,0.996775220533204,0.9972199095194644,0.833202400621691,0.8292317345484173,0.9987786735040822,0.9991407545528983,0.9639061923413325,0.9984572164238823,0.9988413165180834,0.9991563187082506,0.9697724817468827,0.9999236754909357,0.9999544708258359,0.998792311735949,0.9988249081155713,0.9991460284391634,0.9527163004894909,0.8999941873932541,0.9987764014196857,0.8340817393811181,0.957507667019173,0.9997982903346353,0.9996033393801782,0.9696954272678012,0.999800300334655,0.9996048253433675,0.9698000680560166,0.9997854930310073,0.9995657848312098,0.9687874487768999,0.9995657848312098,0.9687874487768999,0.9995657808759296,0.9687424629432712,0.9997584221043471,0.9995010424048962,0.9646554406438974,0.9461490902562897,0.835977966719904,0.9981771383437581,0.9986845509520905,0.9990850694799013,0.9626357643397746,0.9970148401891505,0.999795989823991,0.9995930571859932,0.9697682943403436,0.9606988651087616,0.9998987254395654,1.0,0.9989353487618389,0.9986932921888926,0.9986815651227638,0.9562391517870712
submission_upgrade_v10_golden_tri_blend.csv,0.9884914849801058,0.9949107926557289,0.9963287958039105,0.9942486667255368,0.976723677169884,0.8405733193305125,0.9518628757109584,0.9530712177494219,0.999413399755223,0.9995211964088055,0.9202123330462209,0.9986436402288524,0.9983713886368729,0.956227361814966,0.9971164504176168,0.9989052706880203,0.9998681718999833,0.9998874434017191,0.9579745230273792,0.8342507555040312,0.8900705234426217,0.9869794189680977,0.9975390243385611,0.9987227227982727,0.9993244298312887,0.8424268425169287,0.9994539974092017,0.9584575354075596,0.9209771794191128,0.8342992170623229,0.9981270746307593,0.9983822528317474,0.8352124309336669,0.8312175030774485,0.9973576664978622,0.9978384359069816,0.9602714833587044,0.9969706614636022,0.9974603448260072,0.9978789529651722,0.9667480323238786,0.9992709448483876,0.9990416418378486,0.9973733334341179,0.997417775912162,0.9978517401102084,0.9514341631929848,0.8954071809876089,0.9992112085655607,0.8361155903001951,0.958745588345275,0.9987055849064609,0.9985264472087572,0.9664526882788893,0.9987155768289665,0.998540252187003,0.9666300402040904,0.9987139854599006,0.9985209119712269,0.9656297166034891,0.9985209119712269,0.9656297166034891,0.998520999234658,0.9655891588624065,0.9986426774164168,0.9983888321911486,0.9609694578084498,0.9462990905796571,0.8379028277672416,0.9965720753633165,0.9972170843256296,0.9977519736750563,0.9587360881765614,0.99829106467356,0.9987127708882023,0.9985302960730758,0.9666173182582356,0.953044739552321,0.9984404497897035,0.9989353487618389,1.0,0.9999854854538666,0.9999811218410716,0.9578983069029542
submission_upgrade_v10_sota60_anchor40.csv,0.988120958895303,0.9945326046913658,0.9959804914707969,0.9939010851888712,0.9768077950503915,0.8406693150771192,0.9513706324430012,0.9518643612940825,0.9992391538058255,0.999390497881766,0.9202572476422329,0.9983751604685385,0.9981012489134287,0.9555681789044405,0.9968012106781393,0.9986755285352026,0.9998689578450358,0.9998602292514513,0.9578648796082218,0.8344020806765905,0.8894482375718255,0.9869170303920406,0.9974955968752474,0.998758678221352,0.9991190514357242,0.8425091128795813,0.9992768965553915,0.9583193583517174,0.9205128269835289,0.834442016845579,0.9982484311585509,0.9984839119823488,0.8353489902672793,0.8313657519571265,0.9970393171351459,0.9975358701105765,0.9595957367169562,0.9966419412389974,0.997146027259635,0.9975789444942093,0.9661314540342952,0.9990592268789498,0.9988003575418908,0.9970553870542017,0.9971003506967678,0.9975497022084566,0.9511509196608949,0.8947909832818517,0.9991959109170164,0.8362614987283987,0.9587916039487347,0.9984358835957072,0.9982544901825225,0.9658116699359464,0.998447308234058,0.9982704829000191,0.9660005358334749,0.998448525266522,0.9982553804855161,0.9650161719461188,0.9982553804855161,0.9650161719461188,0.9982554799903879,0.9649760073270047,0.9983721452636941,0.998115567142012,0.9603018592626229,0.9461972019507964,0.8380239858716289,0.9962264934119237,0.9968902111060701,0.9974436945923018,0.9580061290900042,0.9984042736916724,0.9984451931955733,0.9982615126598197,0.965998284335863,0.9518389758028971,0.9981378416046008,0.9986932921888926,0.9999854854538666,1.0,0.9999871384690298,0.9578229068309702
submission_upgrade_v10_sota65_anchor35.csv,0.9883466308635678,0.9946960018800995,0.9961166709190452,0.9940380363432726,0.9765773186397263,0.8404496930735638,0.9516259256257426,0.952413144071682,0.9992362365359296,0.9993762730576713,0.9201834467071832,0.9984253291923154,0.9981665806795036,0.9559815246818685,0.9969031518665793,0.9986954320135041,0.9998508520145429,0.999851008373152,0.9581796709313235,0.8340398602308317,0.8896666139580636,0.986794639412284,0.9973919991826428,0.9985572770254524,0.9991721298410099,0.8423123572186325,0.999346174681068,0.9586459547580676,0.9208111741152902,0.8340961618608606,0.997963333419338,0.9981988427258982,0.8349994831662032,0.8310138820621562,0.9971458322887353,0.9976292699825334,0.9600175955140703,0.9967626936988461,0.9972532730039201,0.9976728082940682,0.9665649147759973,0.9990737225850654,0.9988186548873045,0.9971629636481162,0.9972087855297235,0.9976443659389403,0.9512081230452553,0.8949608695020523,0.9990036304926846,0.8359040364189454,0.958663997991878,0.9984877938066641,0.9983224154702997,0.9662500005465522,0.9984981800339324,0.9983368528591392,0.9664324640599247,0.9984960463541035,0.9983166690397444,0.965414605261231,0.9983166690397444,0.965414605261231,0.9983167663604495,0.965374154590896,0.9984219756195273,0.9981804657383291,0.9607233942309097,0.9461409064493378,0.8377048602602762,0.9963559234581572,0.9970040797438132,0.9975420491147351,0.9584645597397841,0.9981198373268267,0.998494785943132,0.9983259810523858,0.9664138214545616,0.9523873441473422,0.9981640715239892,0.9986815651227638,0.9999811218410716,0.9999871384690298,1.0,0.9581345088744052
submission_v10_scale_aware_pure.csv,0.962386061896671,0.9540245191635431,0.9552457698881333,0.9547172565621325,0.9706126461559611,0.8704190835255052,0.9543978890827526,0.9513915391344748,0.9569078503749259,0.9569038221069903,0.9595292253522669,0.9567196096259846,0.9566374013550242,0.9606133059638152,0.955718083081186,0.9566823546792121,0.9576206362145342,0.957707135843773,0.996504817120141,0.8625429432748252,0.8703644785620938,0.9707323318333301,0.9538859614939155,0.9540265090984172,0.9575812010385799,0.8726493846403168,0.9579809866862458,0.9963918221379312,0.9343664909996028,0.8629021327380975,0.9523416795188311,0.952674275671956,0.8632788551173184,0.8585518793740596,0.9560096767164927,0.956379272695784,0.9643581839366215,0.9557711567885588,0.9561417935310547,0.9564366892358179,0.9682824242740595,0.957009601699008,0.9567545774157564,0.9560489785088121,0.9561028644137527,0.9564123241595438,0.9443171115107807,0.8719221422647372,0.9545804413064366,0.8644806572041802,0.9670521922949585,0.9568046996215076,0.9568307983471543,0.9668743061739703,0.9568059565004777,0.9568318320512887,0.9668385491606145,0.9567717905872298,0.9567619543708223,0.9633859114523228,0.9567619543708223,0.9633859114523228,0.9567618009326568,0.9633907067283495,0.9567171242505946,0.9566549348489958,0.9602528058244203,0.9583357757110625,0.8658320362886935,0.9553972196534151,0.9559234645921584,0.9563306734489982,0.9623989505981336,0.9525465546162082,0.9567912604934771,0.9568036884936874,0.9659010936098034,0.9513684429572413,0.9560864337648715,0.9562391517870712,0.9578983069029542,0.9578229068309702,0.9581345088744052,1.0
